MAS-R-0,I use this screen to talk with my friend on Skype from the phone.,34,40,4,"2,2,3,3,3,3,3,3,3,4,4,4"
MAS-R-0,"Finally, we can perform voice calls and talk to each other on the microphone.",24,35,4,"2,2,3,3,3,3,3,3,3,4,4,4"
MAS-R-0,"I should also point out that the photo is not real, but were it real that would also be more personal information of both mine and my friends.",134,141,4,"2,2,3,3,3,3,3,3,3,4,4,4"
MAS-R-1,"This is the screen that lets me track what games I have rented, and which ones I have on my lists.",38,62,5,"5,5,5,5,5,5,5,5"
MAS-R-1,"This is the screen that lets me track what games I have rented, and which ones I have on my lists.",68,97,5,"5,5,5,5,5,5,5,5"
MAS-R-1,This screen needs payment and an address in order to function.,18,25,5,"5,5,5,5,5,5,5,5"
MAS-R-1,This screen needs payment and an address in order to function.,33,40,5,"5,5,5,5,5,5,5,5"
MAS-R-1,"My goal is to organize my game lists in such a way that I get the games I want at the right time, and that they do not send me less desirable games.",26,36,5,"5,5,5,5,5,5,5,5"
MAS-R-1,"To do this I have to order the games in the order I want them, but I also need to take into account the Availity of the games as I do this.",31,36,5,"5,5,5,5,5,5,5,5"
MAS-R-1,"The app uses both their in-store counts on what they have, as well as my name and address to know where to send the games.",73,77,5,"5,5,5,5,5,5,5,5"
MAS-R-1,Other than that it also has my payment info as I need to be able to pay for the services that the company provides to me.,31,43,5,"5,5,5,5,5,5,5,5"
MAS-R-2,By using this screen edit my personal and account information.,42,61,5,"0,0,0,1,1,1,1,1,1,1,1,1,2,2,2,2,2,3,3,3,3,4,4,4,4,4,5,5,5,5,5,5,5,5,5,5,5,5,5"
MAS-R-2,"Information including full name, contact info like phone number and email ID, proof of identity, account ownership, and control settings.",33,45,5,"0,0,0,1,1,1,1,1,1,1,1,1,2,2,2,2,2,3,3,3,3,4,4,4,4,4,5,5,5,5,5,5,5,5,5,5,5,5,5"
MAS-R-2,"Information including full name, contact info like phone number and email ID, proof of identity, account ownership, and control settings.",51,63,5,"0,0,0,1,1,1,1,1,1,1,1,1,2,2,2,2,2,3,3,3,3,4,4,4,4,4,5,5,5,5,5,5,5,5,5,5,5,5,5"
MAS-R-2,"Information including full name, contact info like phone number and email ID, proof of identity, account ownership, and control settings.",68,76,5,"0,0,0,1,1,1,1,1,1,1,1,1,2,2,2,2,2,3,3,3,3,4,4,4,4,4,5,5,5,5,5,5,5,5,5,5,5,5,5"
MAS-R-2,"Information including full name, contact info like phone number and email ID, proof of identity, account ownership, and control settings.",78,83,5,"0,0,0,1,1,1,1,1,1,1,1,1,2,2,2,2,2,3,3,3,3,4,4,4,4,4,5,5,5,5,5,5,5,5,5,5,5,5,5"
MAS-R-2,"Information including full name, contact info like phone number and email ID, proof of identity, account ownership, and control settings.",87,95,5,"0,0,0,1,1,1,1,1,1,1,1,1,2,2,2,2,2,3,3,3,3,4,4,4,4,4,5,5,5,5,5,5,5,5,5,5,5,5,5"
MAS-R-2,"Information including full name, contact info like phone number and email ID, proof of identity, account ownership, and control settings.",97,114,4,"0,0,0,1,1,1,1,1,1,1,1,1,2,2,2,2,2,3,3,3,3,4,4,4,4,4,5,5,5,5,5,5,5,5,5,5,5,5,5"
MAS-R-2,"Information including full name, contact info like phone number and email ID, proof of identity, account ownership, and control settings.",120,136,5,"0,0,0,1,1,1,1,1,1,1,1,1,2,2,2,2,2,3,3,3,3,4,4,4,4,4,5,5,5,5,5,5,5,5,5,5,5,5,5"
MAS-R-2,"I can change my Facebook password and security settings like two-factor authentication, and authorized logins, get alerts about unrecognized logins, safe browsing, etc.",16,33,5,"0,0,0,1,1,1,1,1,1,1,1,1,2,2,2,2,2,3,3,3,3,4,4,4,4,4,5,5,5,5,5,5,5,5,5,5,5,5,5"
MAS-R-2,"I can change my Facebook password and security settings like two-factor authentication, and authorized logins, get alerts about unrecognized logins, safe browsing, etc.",38,55,5,"0,0,0,1,1,1,1,1,1,1,1,1,2,2,2,2,2,3,3,3,3,4,4,4,4,4,5,5,5,5,5,5,5,5,5,5,5,5,5"
MAS-R-2,"I can change my Facebook password and security settings like two-factor authentication, and authorized logins, get alerts about unrecognized logins, safe browsing, etc.",65,86,4,"0,0,0,1,1,1,1,1,1,1,1,1,2,2,2,2,2,3,3,3,3,4,4,4,4,4,5,5,5,5,5,5,5,5,5,5,5,5,5"
MAS-R-2,"I can change my Facebook password and security settings like two-factor authentication, and authorized logins, get alerts about unrecognized logins, safe browsing, etc.",103,109,4,"0,0,0,1,1,1,1,1,1,1,1,1,2,2,2,2,2,3,3,3,3,4,4,4,4,4,5,5,5,5,5,5,5,5,5,5,5,5,5"
MAS-R-2,I can set my payment preferences by using this screen.,13,32,5,"0,0,0,1,1,1,1,1,1,1,1,1,2,2,2,2,2,3,3,3,3,4,4,4,4,4,5,5,5,5,5,5,5,5,5,5,5,5,5"
MAS-R-2,I can take a quick privacy checkup to know about my important privacy issues about security.,19,26,5,"0,0,0,1,1,1,1,1,1,1,1,1,2,2,2,2,2,3,3,3,3,4,4,4,4,4,5,5,5,5,5,5,5,5,5,5,5,5,5"
MAS-R-2,I can take a quick privacy checkup to know about my important privacy issues about security.,62,76,4,"0,0,0,1,1,1,1,1,1,1,1,1,2,2,2,2,2,3,3,3,3,4,4,4,4,4,5,5,5,5,5,5,5,5,5,5,5,5,5"
MAS-R-2,I can take a quick privacy checkup to know about my important privacy issues about security.,83,91,5,"0,0,0,1,1,1,1,1,1,1,1,1,2,2,2,2,2,3,3,3,3,4,4,4,4,4,5,5,5,5,5,5,5,5,5,5,5,5,5"
MAS-R-2,"I can set or change my preferences for the following news feed, reaction preferences like emojis and stickers, notification preferences, shortcuts preferences, language, and region, media preferences like autoplay, data saver, video quality, and themes like dark mode/light mode.",215,219,5,"0,0,0,1,1,1,1,1,1,1,1,1,2,2,2,2,2,3,3,3,3,4,4,4,4,4,5,5,5,5,5,5,5,5,5,5,5,5,5"
MAS-R-2,I can access a log of my activity and also I can access my information and download or transfer a copy of my information.,25,33,4,"0,0,0,1,1,1,1,1,1,1,1,1,2,2,2,2,2,3,3,3,3,4,4,4,4,4,5,5,5,5,5,5,5,5,5,5,5,5,5"
MAS-R-3,This screen is a hub of my personal information.,27,47,5,"2,2,5,5,5,5,5,5,5,5,5,5,5,5,5"
MAS-R-3,"On this screen, I can view and edit my payment options.",39,54,5,"2,2,5,5,5,5,5,5,5,5,5,5,5,5,5"
MAS-R-3,"I can also change my current location, or permenantly change my address.",64,71,5,"2,2,5,5,5,5,5,5,5,5,5,5,5,5,5"
MAS-R-3,"I need to pay for my purchases, so I need to have current, correct payment information in the system.",21,30,5,"2,2,5,5,5,5,5,5,5,5,5,5,5,5,5"
MAS-R-3,"I need to pay for my purchases, so I need to have current, correct payment information in the system.",67,86,5,"2,2,5,5,5,5,5,5,5,5,5,5,5,5,5"
MAS-R-3,This is the hub where I can make changes to my payment methods.,47,62,5,"2,2,5,5,5,5,5,5,5,5,5,5,5,5,5"
MAS-R-3,"I need to make sure that deliveries will reach me, in my current location.",25,35,5,"2,2,5,5,5,5,5,5,5,5,5,5,5,5,5"
MAS-R-3,"I need to be mindful of what address is set, from this screen, to assure that my delivery will arrive at my current location.",81,89,5,"2,2,5,5,5,5,5,5,5,5,5,5,5,5,5"
MAS-R-3,"I need to be mindful of what address is set, from this screen, to assure that my delivery will arrive at my current location.",116,124,5,"2,2,5,5,5,5,5,5,5,5,5,5,5,5,5"
MAS-R-3,"I may need to change my membership to a different level, which I will also need to do from this screen.",24,34,5,"2,2,5,5,5,5,5,5,5,5,5,5,5,5,5"
MAS-R-3,"(fyi, the reason I had to take a photo from a different camera, of the app screen, is that this app has privacy settings that prevent my phone's normal screenshot function from working)",33,38,5,"2,2,5,5,5,5,5,5,5,5,5,5,5,5,5"
MAS-R-3,"(fyi, the reason I had to take a photo from a different camera, of the app screen, is that this app has privacy settings that prevent my phone's normal screenshot function from working)",56,62,5,"2,2,5,5,5,5,5,5,5,5,5,5,5,5,5"
MAS-R-3,"(fyi, the reason I had to take a photo from a different camera, of the app screen, is that this app has privacy settings that prevent my phone's normal screenshot function from working)",112,120,5,"2,2,5,5,5,5,5,5,5,5,5,5,5,5,5"
MAS-R-4,"This page shows all the main podcasts that I follow/subscribe to, and it puts the most recently updated podcast in my subscriptions at the top so I will see it among the first on the list while I'm browsing through my favorite podcast channels.",118,131,4,"3,3,3,4"
MAS-R-5,I use this screen to stay on track with my finances.,43,51,4,"4,4,4,4,4,4,4,4,4,4"
MAS-R-5,This screen shows me all my recent transactions that my checking account has been involved in.,35,47,4,"4,4,4,4,4,4,4,4,4,4"
MAS-R-5,This screen shows me all my recent transactions that my checking account has been involved in.,56,72,4,"4,4,4,4,4,4,4,4,4,4"
MAS-R-5,"I look at this multiple days per day to make sure that my account is safe, and that no unwanted charges have been charged using my account.",96,103,4,"4,4,4,4,4,4,4,4,4,4"
MAS-R-5,"Cyber security is a major concern these days, and I have had charges to my account in the past that I did not authorize.",0,14,4,"4,4,4,4,4,4,4,4,4,4"
MAS-R-5,"Cyber security is a major concern these days, and I have had charges to my account in the past that I did not authorize.",75,82,4,"4,4,4,4,4,4,4,4,4,4"
MAS-R-5,I was also able to change my checking account number and password so that it would not happen again by the same people.,29,52,4,"4,4,4,4,4,4,4,4,4,4"
MAS-R-5,I was also able to change my checking account number and password so that it would not happen again by the same people.,57,65,4,"4,4,4,4,4,4,4,4,4,4"
MAS-R-5,Another way that I use this app is to see exactly how much money I have coming in and going out every month.,50,107,4,"4,4,4,4,4,4,4,4,4,4"
MAS-R-5,This allows me to make a proper budget for the year.,32,38,4,"4,4,4,4,4,4,4,4,4,4"
MAS-R-8,"On this page, I can also offer a trade to my friends, which means the app would need access to my contacts.",45,52,4,"0,0,0,0,1,3,3,3,3,4,4"
MAS-R-8,"On this page, I can also offer a trade to my friends, which means the app would need access to my contacts.",98,106,4,"0,0,0,0,1,3,3,3,3,4,4"
MAS-R-9,I use the friends screen to see which of my friends are online.,44,51,4,"4,4,4,4,4,5,5,5"
MAS-R-9,"When they are completely offline, there is a grey button next to their names.",71,76,4,"4,4,4,4,4,5,5,5"
MAS-R-9,Then I can reach out to them using a direct message or chat with them on a server that we are both a member of.,75,81,5,"4,4,4,4,4,5,5,5"
MAS-R-9,I can click on their name and see which mutual servers we are currently a member of.,21,25,4,"4,4,4,4,4,5,5,5"
MAS-R-9,I can click on their name and see which mutual servers we are currently a member of.,47,54,5,"4,4,4,4,4,5,5,5"
MAS-R-9,I can click on their name and see which mutual servers we are currently a member of.,55,80,5,"4,4,4,4,4,5,5,5"
MAS-R-9,I can also use this screen to add new friends by searching for their usernames or phone number.,69,78,4,"4,4,4,4,4,5,5,5"
MAS-R-9,I can also use this screen to add new friends by searching for their usernames or phone number.,82,94,4,"4,4,4,4,4,5,5,5"
MAS-R-10,I can talk to the streamer and the other people watching the stream with this chat.,41,47,4,"0,0,0,0,0,2,3,4,4,4,4,4,4,4"
MAS-R-10,"If I ever get banned from the chat, my phone number will be permanently banned, and I'd have to create a new account in order to chat again.",30,34,4,"0,0,0,0,0,2,3,4,4,4,4,4,4,4"
MAS-R-10,"If I ever get banned from the chat, my phone number will be permanently banned, and I'd have to create a new account in order to chat again.",109,116,4,"0,0,0,0,0,2,3,4,4,4,4,4,4,4"
MAS-R-10,They use such data to determine which ads to show non-subscribers.,14,18,4,"0,0,0,0,0,2,3,4,4,4,4,4,4,4"
MAS-R-10,They use such data to determine which ads to show non-subscribers.,32,65,4,"0,0,0,0,0,2,3,4,4,4,4,4,4,4"
MAS-R-10,"If you subscribe to a streamer, you also don't have to deal with video ads that play over the stream.",65,74,4,"0,0,0,0,0,2,3,4,4,4,4,4,4,4"
MAS-R-10,The ads sometimes have links that you can click on which redirects you to another site.,4,7,4,"0,0,0,0,0,2,3,4,4,4,4,4,4,4"
MAS-R-13,"The information that is used by the app is my address, name and birthdate to verify I am who I am.",46,53,4,"1,1,2,2,2,3,3,3,3,3,4"
MAS-R-14,These settings act as the profile information to my instagram account.,26,45,4,"1,2,3,3,4,4,4,4,5,5,5,5,5,5"
MAS-R-14,These settings act as the profile information to my instagram account.,52,69,5,"1,2,3,3,4,4,4,4,5,5,5,5,5,5"
MAS-R-14,I would also change my phone number if I felt it was important for instagram to have that information.,23,35,4,"1,2,3,3,4,4,4,4,5,5,5,5,5,5"
MAS-R-14,"More general, I use the account history/personal information page to change aspects of my account that are about me.",90,97,4,"1,2,3,3,4,4,4,4,5,5,5,5,5,5"
MAS-R-14,"My name, username, privacy habits, etc are all located there.",3,7,4,"1,2,3,3,4,4,4,4,5,5,5,5,5,5"
MAS-R-14,"My name, username, privacy habits, etc are all located there.",9,17,5,"1,2,3,3,4,4,4,4,5,5,5,5,5,5"
MAS-R-14,It also shows me my account history and general instagram usage information.,20,35,5,"1,2,3,3,4,4,4,4,5,5,5,5,5,5"
MAS-R-14,It also shows me my account history and general instagram usage information.,48,75,5,"1,2,3,3,4,4,4,4,5,5,5,5,5,5"
MAS-R-14,I find this incredibly important for updating personal information and making it private if necessary.,46,66,5,"1,2,3,3,4,4,4,4,5,5,5,5,5,5"
MAS-R-14,This goes not only for my friends on instagram but includes information given to the instagram platform itself.,26,33,5,"1,2,3,3,4,4,4,4,5,5,5,5,5,5"
MAS-R-15,This screens offers information about rewards and kickbacks I have earned over time by using twitch while connected to my Amazon Prime account.,122,142,5,"0,0,0,0,0,0,0,0,0,0,1,1,1,5,5,5"
MAS-R-15,You also get one free subscription to a streamer as a gift from Amazon Prime.,22,34,5,"0,0,0,0,0,0,0,0,0,0,1,1,1,5,5,5"
MAS-R-15,Can also win giveaway through the streamer but I do not believe those are directly tied to Amazon.,91,97,5,"0,0,0,0,0,0,0,0,0,0,1,1,1,5,5,5"
MAS-R-17,I use this screen when I want to check out what my security camera has captured throughout the course of a day.,43,110,4,"1,3,3,4,4,4,4,5,5,5,5,5"
MAS-R-17,The main goal I want to achieve is to filter out the videos that don't contain people in them.,71,88,4,"1,3,3,4,4,4,4,5,5,5,5,5"
MAS-R-17,Another goal of this screen is to see the latest video that was captured in case I heard something I wasn't expecting.,49,54,4,"1,3,3,4,4,4,4,5,5,5,5,5"
MAS-R-17,"Lastly, I use this screen to keep track of my mail and package deliveries.",46,50,5,"1,3,3,4,4,4,4,5,5,5,5,5"
MAS-R-17,"Lastly, I use this screen to keep track of my mail and package deliveries.",55,73,5,"1,3,3,4,4,4,4,5,5,5,5,5"
MAS-R-17,There are a lot of thieves that like to steal packages and this screen helps me see my package before they do.,46,54,5,"1,3,3,4,4,4,4,5,5,5,5,5"
MAS-R-17,There are a lot of thieves that like to steal packages and this screen helps me see my package before they do.,87,94,5,"1,3,3,4,4,4,4,5,5,5,5,5"
MAS-R-17,"I use this screen by tapping on the bubble that says ""Person"" which filters the list to only show videos with people detected in them.",98,104,4,"1,3,3,4,4,4,4,5,5,5,5,5"
MAS-R-17,Those recordings show up on this screen and I can view them from the list.,6,16,5,"1,3,3,4,4,4,4,5,5,5,5,5"
MAS-R-19,This screen is helpful it shows all incoming orders I have in one screen instead of me having to go into each app to track different deliveries.,45,51,4,"2,2,2,2,2,2,3,3,4,4,4,4,4"
MAS-R-19,"It logs into my email address to track when I get emails for shipping notifications from all of my different apps - such as Poshmark, eBay and Mercari.",16,29,4,"2,2,2,2,2,2,3,3,4,4,4,4,4"
MAS-R-19,"It logs into my email address to track when I get emails for shipping notifications from all of my different apps - such as Poshmark, eBay and Mercari.",50,56,4,"2,2,2,2,2,2,3,3,4,4,4,4,4"
MAS-R-19,"It logs into my email address to track when I get emails for shipping notifications from all of my different apps - such as Poshmark, eBay and Mercari.",70,83,4,"2,2,2,2,2,2,3,3,4,4,4,4,4"
MAS-R-19,I can also have it connect to my Amazon account and it can track all the orders from there.,33,47,4,"2,2,2,2,2,2,3,3,4,4,4,4,4"
MAS-R-23,You need diamonds to buy parts to make suits.,9,17,4,"0,1,1,1,1,1,1,3,3,3,4,4,4,4,4,4,5,5,5,5,5"
MAS-R-23,You need diamonds to buy parts to make suits.,25,30,4,"0,1,1,1,1,1,1,3,3,3,4,4,4,4,4,4,5,5,5,5,5"
MAS-R-23,You need diamonds to buy parts to make suits.,39,44,4,"0,1,1,1,1,1,1,3,3,3,4,4,4,4,4,4,5,5,5,5,5"
MAS-R-23,The suits are then used to battle other players on the north american server.,40,47,4,"0,1,1,1,1,1,1,3,3,3,4,4,4,4,4,4,5,5,5,5,5"
MAS-R-23,"You also get V points, 1 per diamond normally.",13,21,5,"0,1,1,1,1,1,1,3,3,3,4,4,4,4,4,4,5,5,5,5,5"
MAS-R-23,"To buy from the app, it needs to know your apple ID, and login so that you can charge your apple account.",43,51,4,"0,1,1,1,1,1,1,3,3,3,4,4,4,4,4,4,5,5,5,5,5"
MAS-R-23,"To buy from the app, it needs to know your apple ID, and login so that you can charge your apple account.",91,104,5,"0,1,1,1,1,1,1,3,3,3,4,4,4,4,4,4,5,5,5,5,5"
MAS-R-23,"It gets from apple, my name, address, but at least no credit card information.",13,18,4,"0,1,1,1,1,1,1,3,3,3,4,4,4,4,4,4,5,5,5,5,5"
MAS-R-23,"It gets from apple, my name, address, but at least no credit card information.",29,36,5,"0,1,1,1,1,1,1,3,3,3,4,4,4,4,4,4,5,5,5,5,5"
MAS-R-23,"It gets from apple, my name, address, but at least no credit card information.",54,77,5,"0,1,1,1,1,1,1,3,3,3,4,4,4,4,4,4,5,5,5,5,5"
MAS-R-23,"I hate giving out my credit card info, since it has been stolen too many times.",21,37,5,"0,1,1,1,1,1,1,3,3,3,4,4,4,4,4,4,5,5,5,5,5"
MAS-R-25,I use it to see where I am for the day and to see if I need to get some extra activity going.  ,16,38,4,"0,0,1,1,1,1,2,3,3,3,4"
MAS-R-28,I use this screen when I am wanting to catch on what a particular person has tweeted.,48,84,4,"2,2,3,3,3,3,3,4,4,4,4"
MAS-R-28,When I want to catch up with a certain person or an issue they tweet about I will go to someone's profile page.,52,68,4,"2,2,3,3,3,3,3,4,4,4,4"
MAS-R-28,Sometimes I realize I haven't seen a friend for a bit so I can see if they have been active lately.,37,43,4,"2,2,3,3,3,3,3,4,4,4,4"
MAS-R-28,This screen will also show other people Twitter suggests I follow based on people I am already interested in.,75,108,4,"2,2,3,3,3,3,3,4,4,4,4"
MAS-R-29,"By clicking on the green button indicating their value, I can also bring up more information regarding the position, and choose to display one of those instead.",107,115,4,"1,2,2,3,3,3,4,4,4,4,4"
MAS-R-29,"But other options include the day's change, the current value, the gain or loss in total or for today.",67,101,4,"1,2,2,3,3,3,4,4,4,4,4"
MAS-R-29,The screen uses my investments and the money I have available on my account.,19,30,4,"1,2,2,3,3,3,4,4,4,4,4"
MAS-R-29,The screen uses my investments and the money I have available on my account.,39,44,4,"1,2,2,3,3,3,4,4,4,4,4"
MAS-R-29,I am especially uncomfortable showing my positions because I know institutions keep an eye on what people invest in in order to tank them.,41,50,4,"1,2,2,3,3,3,4,4,4,4,4"
MAS-R-30,"This screen shows me how many points I have available to use, the items that I can redeem with those points, and how many points are required for each item.",21,60,4,"1,3,3,3,4,4,4,4,4,4,4,4,5,5,5"
MAS-R-30,"This screen shows me how many points I have available to use, the items that I can redeem with those points, and how many points are required for each item.",101,107,4,"1,3,3,3,4,4,4,4,4,4,4,4,5,5,5"
MAS-R-30,"This screen shows me how many points I have available to use, the items that I can redeem with those points, and how many points are required for each item.",113,155,4,"1,3,3,3,4,4,4,4,4,4,4,4,5,5,5"
MAS-R-30,I like to redeem some rewards on each visit so that I can keep my costs down.,22,29,4,"1,3,3,3,4,4,4,4,4,4,4,4,5,5,5"
MAS-R-30,I like to redeem some rewards on each visit so that I can keep my costs down.,66,71,5,"1,3,3,3,4,4,4,4,4,4,4,4,5,5,5"
MAS-R-30,It makes me happy to know that I have saved some money!,49,54,4,"1,3,3,3,4,4,4,4,4,4,4,4,5,5,5"
MAS-R-30,I usually just look at how many points I have and then scroll through the screen to see if I have enough points for any of the items that I am planning on purchasing that day.,23,45,4,"1,3,3,3,4,4,4,4,4,4,4,4,5,5,5"
MAS-R-30,"To support this screen, the app knows my user information, my past purchase history, and my points redemption history.",41,57,5,"1,3,3,3,4,4,4,4,4,4,4,4,5,5,5"
MAS-R-30,"To support this screen, the app knows my user information, my past purchase history, and my points redemption history.",62,83,5,"1,3,3,3,4,4,4,4,4,4,4,4,5,5,5"
MAS-R-30,"To support this screen, the app knows my user information, my past purchase history, and my points redemption history.",92,117,4,"1,3,3,3,4,4,4,4,4,4,4,4,5,5,5"
MAS-R-30,"Also, my current points information is needed to show me what items I can redeem or not.",17,35,4,"1,3,3,3,4,4,4,4,4,4,4,4,5,5,5"
MAS-R-32,"On this screen, you can also look at your weight history over time to see if you have made progress toward your goal and how much progress you have made.",42,56,4,"2,2,2,2,3,3,3,3,3,3,3,4"
MAS-R-33,However the app can pull data from the user in order to create the order in which the posts are given in real time.,39,43,4,"1,1,1,1,1,1,1,1,1,1,1,1,1,4"
MAS-R-36,I use this screen to look through my recent transactions and track my spending.,70,78,4,"2,3,3,4,4,4,4,4,4,5,5"
MAS-R-36,"I open the app, enter my passcode, and it takes me to this screen.",25,33,5,"2,3,3,4,4,4,4,4,4,5,5"
MAS-R-36,"Once I reach it, I can scroll down and view details of my recent purchases.",65,74,4,"2,3,3,4,4,4,4,4,4,5,5"
MAS-R-36,"Money is rather important to me, and I try my best to spend it wisely.",0,5,4,"2,3,3,4,4,4,4,4,4,5,5"
MAS-R-36,"It takes my financial information from the cards and bank account I use and logs the transactions in an easy to navigate, cleanly organized personal ledger.",12,33,4,"2,3,3,4,4,4,4,4,4,5,5"
MAS-R-36,"It takes my financial information from the cards and bank account I use and logs the transactions in an easy to navigate, cleanly organized personal ledger.",43,48,4,"2,3,3,4,4,4,4,4,4,5,5"
MAS-R-36,"It takes my financial information from the cards and bank account I use and logs the transactions in an easy to navigate, cleanly organized personal ledger.",53,65,5,"2,3,3,4,4,4,4,4,4,5,5"
MAS-R-36,"It takes my financial information from the cards and bank account I use and logs the transactions in an easy to navigate, cleanly organized personal ledger.",85,97,4,"2,3,3,4,4,4,4,4,4,5,5"
MAS-R-38,"Next, I tap on the ME tab under my profile page.",35,42,4,"2,2,3,3,3,3,3,3,3,3,3,4,4"
MAS-R-38,The app also uses my location to track distance.,21,29,4,"2,2,3,3,3,3,3,3,3,3,3,4,4"
MAS-R-43,This shows what my twitter name and picture is - this could be something i do not want to share as it is a private account.,36,43,4,"1,1,2,2,2,2,2,3,4"
MAS-R-47,I choose the team type; I can choose from an Existing Office 365 Group or a New team.,65,70,4,"0,0,0,1,3,4,4,4,5,5,5,5"
MAS-R-47,I then enter the team name and description.,17,26,4,"0,0,0,1,3,4,4,4,5,5,5,5"
MAS-R-47,"Next I will need to go to privacy settings and choose from ""Private"" (only members can see the team and its content) or ""Public"" (anyone in the organization can see the team and its content).",26,42,5,"0,0,0,1,3,4,4,4,5,5,5,5"
MAS-R-47,"Next I will need to go to privacy settings and choose from ""Private"" (only members can see the team and its content) or ""Public"" (anyone in the organization can see the team and its content).",108,115,4,"0,0,0,1,3,4,4,4,5,5,5,5"
MAS-R-47,I will then Add team members.,16,28,5,"0,0,0,1,3,4,4,4,5,5,5,5"
MAS-R-47,"I can add members by searching for them in the Teams directory, or by entering their email addresses.",10,17,5,"0,0,0,1,3,4,4,4,5,5,5,5"
MAS-R-47,"I can add members by searching for them in the Teams directory, or by entering their email addresses.",85,100,5,"0,0,0,1,3,4,4,4,5,5,5,5"
MAS-R-51,"usually I watch youtube because I like the content and games that certain youtubers put out, sometimes when I just have nothing to do and I just need a way to pass the time, I just hop straight on to youtube and find it easy to use a couple of hours just watching some usesfull videos.",43,50,4,"2,2,4,4,4"
MAS-R-51,"If I go to youtube and search about any topic, I will get videos that allow me to choose what happens.",40,45,4,"2,2,4,4,4"
MAS-R-51,like if i search anything that isn't just pounding the keyboard i will get a multitude of videos.,90,96,4,"2,2,4,4,4"
MAS-R-52,"Every day the application sends me and my partner a personal question, we both answer the question and then we see the answer of the other, by giving our name and email it keeps track of the days we have been answering and makes the questions more realistic (I suppose ) in addition to notifications before losing our streak of days responding.

",42,49,4,"0,1,3,4,4,4,5"
MAS-R-52,"Every day the application sends me and my partner a personal question, we both answer the question and then we see the answer of the other, by giving our name and email it keeps track of the days we have been answering and makes the questions more realistic (I suppose ) in addition to notifications before losing our streak of days responding.

",286,299,4,"0,1,3,4,4,4,5"
MAS-R-52,"The app offers more benefits such as sexual advice, more intimate questions, and surveys to get to know each other better but we still do not feel comfortable with that level of commitment to our personal information.",81,88,4,"0,1,3,4,4,4,5"
MAS-R-52,"The app offers more benefits such as sexual advice, more intimate questions, and surveys to get to know each other better but we still do not feel comfortable with that level of commitment to our personal information.",196,216,5,"0,1,3,4,4,4,5"
MAS-R-53,"Through this screen, I can also view all of my Karma points, how long I have had an account on the Reddit platform as well as all of the past posts and comments I have written.",133,141,4,"2,2,2,3,3,3,3,3,3,3,3,4,4,4,4"
MAS-R-53,I can also see how much of my Karma points come from the posts I have made and how much of it comes from comments I have made on the posts of other users.,57,62,4,"2,2,2,3,3,3,3,3,3,3,3,4,4,4,4"
MAS-R-53,I can also see who my followers are and how many Karma points each of them have individually.,15,35,4,"2,2,2,3,3,3,3,3,3,3,3,4,4,4,4"
MAS-R-53,I can also see who my followers are and how many Karma points each of them have individually.,40,92,4,"2,2,2,3,3,3,3,3,3,3,3,4,4,4,4"
MAS-R-54,"It has a very simple but effective layout and i do not believe that it incorporates any personal information, unless you willingly send it through.",88,108,5,"1,1,1,1,5,5,5,5"
MAS-R-54,I did not have to give it any odd permissions like accessing your calender or contacts or things like that.,34,45,5,"1,1,1,1,5,5,5,5"
MAS-R-54,I did not have to give it any odd permissions like accessing your calender or contacts or things like that.,66,74,5,"1,1,1,1,5,5,5,5"
MAS-R-54,I did not have to give it any odd permissions like accessing your calender or contacts or things like that.,78,86,5,"1,1,1,1,5,5,5,5"
MAS-R-55,Another way to earn coins from this app is to connect my online accounts such as Amazon and Walmart when prompted to do so.,57,72,4,"1,1,1,2,2,2,2,2,2,4"
MAS-R-56,I usually scroll the titles and any thumbnail (if available) to see if there's anything that will interest me.,79,106,4,"3,3,3,3,3,4,4,4,5,5,5,5,5,5"
MAS-R-56,Sometimes I leave a comment of my own.,20,27,4,"3,3,3,3,3,4,4,4,5,5,5,5,5,5"
MAS-R-56,The information used by the app for the screen is my username that is tied to my email.,53,61,5,"3,3,3,3,3,4,4,4,5,5,5,5,5,5"
MAS-R-56,The information used by the app for the screen is my username that is tied to my email.,81,86,5,"3,3,3,3,3,4,4,4,5,5,5,5,5,5"
MAS-R-56,They collect information about my interactions to specific posts to gather what kinds of ads they should serve me.,13,24,4,"3,3,3,3,3,4,4,4,5,5,5,5,5,5"
MAS-R-56,They collect information about my interactions to specific posts to gather what kinds of ads they should serve me.,75,113,5,"3,3,3,3,3,4,4,4,5,5,5,5,5,5"
MAS-R-56,"Like any social media page, Reddit collects user data in order to determine what ads to serve the specific users.",16,21,5,"3,3,3,3,3,4,4,4,5,5,5,5,5,5"
MAS-R-56,"Like any social media page, Reddit collects user data in order to determine what ads to serve the specific users.",44,53,5,"3,3,3,3,3,4,4,4,5,5,5,5,5,5"
MAS-R-56,"Like any social media page, Reddit collects user data in order to determine what ads to serve the specific users.",81,112,5,"3,3,3,3,3,4,4,4,5,5,5,5,5,5"
MAS-R-59,I use this screen to let the drivers know where I want to be picked up/am currently located.,42,91,4,"1,2,2,2,3,3,3,3,4,4,4,4"
MAS-R-59,"I can find the price of my trip after I input this information and determine if I want to go ahead with the ride or not. 

",27,31,4,"1,2,2,2,3,3,3,3,4,4,4,4"
MAS-R-59,"The major information that is utilized by the app to support this screen is my location, the driver's location, my destination and the availability of drivers.",102,110,4,"1,2,2,2,3,3,3,3,4,4,4,4"
MAS-R-59,The availability of drivers impacts the price and the wait time for pickup.,68,74,4,"1,2,2,2,3,3,3,3,4,4,4,4"
MAS-R-60,"It costs a monthly fee for me to remain subscribed to it, but it comes with a lot of benefits for me as a shopper, with things like discounts, free delivery, and that I am also able to get priority scheduling on my orders over others who do not subscribe to it when there are a little bit of available shoppers.",132,141,5,"0,2,2,3,3,4,5,5"
MAS-R-60,"Once I select something, I then continue with placing the order, and the app takes what I have applied from this page to that order, including my full name, my applied benefits, and my address.",146,155,4,"0,2,2,3,3,4,5,5"
MAS-R-60,"Once I select something, I then continue with placing the order, and the app takes what I have applied from this page to that order, including my full name, my applied benefits, and my address.",185,192,5,"0,2,2,3,3,4,5,5"
MAS-R-61,The app also uses my email address for my account and I assume has some information for each of my other family members so that we can share the list.,21,34,5,"3,3,3,3,3,3,3,3,5,5,5,5"
MAS-R-61,The app also uses my email address for my account and I assume has some information for each of my other family members so that we can share the list.,42,49,5,"3,3,3,3,3,3,3,3,5,5,5,5"
MAS-R-61,The app also uses my email address for my account and I assume has some information for each of my other family members so that we can share the list.,72,104,5,"3,3,3,3,3,3,3,3,5,5,5,5"
MAS-R-61,The app also uses my email address for my account and I assume has some information for each of my other family members so that we can share the list.,112,119,5,"3,3,3,3,3,3,3,3,5,5,5,5"
MAS-R-62,"My goal when using the geolocation screen is to find friends, family and other people who are near me or in the same area.",53,60,5,"3,3,3,4,4,4,4,5,5,5,5,5"
MAS-R-62,"The geolocation screen on my Snapchat app allows me to share my current location with my friends, family, and other contacts.",72,80,4,"3,3,3,4,4,4,4,5,5,5,5,5"
MAS-R-62,"The geolocation screen on my Snapchat app allows me to share my current location with my friends, family, and other contacts.",98,104,5,"3,3,3,4,4,4,4,5,5,5,5,5"
MAS-R-62,"Through this screen, I can share my whereabouts with them, which helps me stay connected with people in my life.",36,47,4,"3,3,3,4,4,4,4,5,5,5,5,5"
MAS-R-62,"Through this screen, I can share my whereabouts with them, which helps me stay connected with people in my life.",94,100,4,"3,3,3,4,4,4,4,5,5,5,5,5"
MAS-R-62,"When I open the geolocation screen, I am presented with a map of my current location, as well as a list of nearby places that I can choose from.",58,61,5,"3,3,3,4,4,4,4,5,5,5,5,5"
MAS-R-62,This allows me to quickly and easily share my exact location with anyone I choose.,46,51,4,"3,3,3,4,4,4,4,5,5,5,5,5"
MAS-R-62,"Additionally, the app uses GPS technology to provide accurate and up-to-date information about my location.",27,30,5,"3,3,3,4,4,4,4,5,5,5,5,5"
MAS-R-62,This helps ensure that my contacts are always aware of where I am.,26,34,5,"3,3,3,4,4,4,4,5,5,5,5,5"
MAS-R-63,"To keep track of the foods that I have consumed for all time and to easily reference how much of something I usually consume I go to the Foods section of the app to regularly check what I have consumed over the past few days, weeks or even months.",181,224,4,"1,2,2,2,2,2,3,3,3,3,4,4,4"
MAS-R-63,The best part is that if I click on any specific item it will give me a complete breakdown of the nutritional components of said item which allows me to better understand what I am consuming and where cut back or possibly where I might be deficient in.,171,190,4,"1,2,2,2,2,2,3,3,3,3,4,4,4"
MAS-R-63,The best part is that if I click on any specific item it will give me a complete breakdown of the nutritional components of said item which allows me to better understand what I am consuming and where cut back or possibly where I might be deficient in.,222,251,4,"1,2,2,2,2,2,3,3,3,3,4,4,4"
MAS-R-67,I can change the location of the terminal and measure the performance of the changed position.  ,17,25,5,"0,0,0,0,0,0,0,0,0,0,0,0,0,0,0,0,0,5,5,5"
MAS-R-67,My goal is to maximize the performance of the wireless system to provide internet service to my home.  ,46,54,5,"0,0,0,0,0,0,0,0,0,0,0,0,0,0,0,0,0,5,5,5"
MAS-R-67,My goal is to maximize the performance of the wireless system to provide internet service to my home.  ,96,100,5,"0,0,0,0,0,0,0,0,0,0,0,0,0,0,0,0,0,5,5,5"
MAS-R-68,This screen has profile information.,16,35,4,"1,1,1,2,2,2,2,3,4,4,4,5"
MAS-R-68,"I'm not sure how much information Discord has access to, I know that some of their connections allow them to display your activity on your profile, so they must have some degree of access to my accounts.",194,202,4,"1,1,1,2,2,2,2,3,4,4,4,5"
MAS-R-68,I don't think they can see username/password information though.,27,35,4,"1,1,1,2,2,2,2,3,4,4,4,5"
MAS-R-68,I don't think they can see username/password information though.,36,56,5,"1,1,1,2,2,2,2,3,4,4,4,5"
MAS-R-69,Each victory adds points and each loss takes them away.,34,38,4,"2,3,3,3,3,3,3,3,3,3,3,3,3,3,4,4"
MAS-R-69,This is where all the totals end up.,22,28,4,"2,3,3,3,3,3,3,3,3,3,3,3,3,3,4,4"
MAS-R-70,This is the screen that you use to keep your information for Chase up to date.,45,56,4,"0,3,4,4,5,5,5,5,5"
MAS-R-70,This is the screen that you use to keep your information for Chase up to date.,61,66,5,"0,3,4,4,5,5,5,5,5"
MAS-R-70,Like if your phone or email changes.,13,18,5,"0,3,4,4,5,5,5,5,5"
MAS-R-70,It is good for you bank to have this type of information up to date because your bank for example needs to get in contact with you or needs your name or income.,145,149,5,"0,3,4,4,5,5,5,5,5"
MAS-R-70,It is good for you bank to have this type of information up to date because your bank for example needs to get in contact with you or needs your name or income.,153,159,5,"0,3,4,4,5,5,5,5,5"
MAS-R-70,This is crucial information for your bank to have because your bank is essential to you.,63,67,5,"0,3,4,4,5,5,5,5,5"
MAS-R-70,That is just preference type of things that aren't as important but could be helpful for you and make navigating the app a whole lot easier or keeping your email inbox clutter free.,156,167,4,"0,3,4,4,5,5,5,5,5"
MAS-R-72,"To access my close friends list, I need to navigate to the menu bar (3 horizontal lines in the top right corner on my Instagram profile and then select close friends.",13,31,5,"1,1,2,3,3,3,4,4,4,4,4,5,5,5"
MAS-R-72,"To access my close friends list, I need to navigate to the menu bar (3 horizontal lines in the top right corner on my Instagram profile and then select close friends.",64,67,4,"1,1,2,3,3,3,4,4,4,4,4,5,5,5"
MAS-R-72,"To access my close friends list, I need to navigate to the menu bar (3 horizontal lines in the top right corner on my Instagram profile and then select close friends.",152,165,5,"1,1,2,3,3,3,4,4,4,4,4,5,5,5"
MAS-R-72,This is done by typing their username in the search bar and then checking their username in order to add them to my exclusive list of close friends.,126,130,4,"1,1,2,3,3,3,4,4,4,4,4,5,5,5"
MAS-R-72,"Additionally, I can remove friends who I do not longer want to be on my close friend's list by unchecking a username that is already on this list.",27,34,4,"1,1,2,3,3,3,4,4,4,4,4,5,5,5"
MAS-R-72,"After I add and remove users on this page, I can save my changes to finalize the choices I have made and allow my users to see my more exclusive story posts.",57,64,4,"1,1,2,3,3,3,4,4,4,4,4,5,5,5"
MAS-R-72,"In order to support this screen, the Instagram app uses a database of users on the platform that is linked to the search bar in order to allow you to find and choose people you want to add on your close friend's list which can also be edited by checking or unchecking the box next to each user.",114,124,4,"1,1,2,3,3,3,4,4,4,4,4,5,5,5"
MAS-R-72,"In order to support this screen, the Instagram app uses a database of users on the platform that is linked to the search bar in order to allow you to find and choose people you want to add on your close friend's list which can also be edited by checking or unchecking the box next to each user.",197,209,5,"1,1,2,3,3,3,4,4,4,4,4,5,5,5"
MAS-R-73,"From here, I can easily see what deals are available or how many rewards points I have.",56,86,5,"1,2,2,4,5,5"
MAS-R-73,I get personalized deals because they track my account information to see what items I usually buy.,47,66,5,"1,2,2,4,5,5"
MAS-R-73,I get personalized deals because they track my account information to see what items I usually buy.,74,98,4,"1,2,2,4,5,5"
MAS-R-74,"To log into my  Community First Checking Account, I open the app and then put in my password.",41,48,4,"4,4,4,4,4,4,4,4,4,4,4,4,4,4"
MAS-R-74,"To log into my  Community First Checking Account, I open the app and then put in my password.",84,92,4,"4,4,4,4,4,4,4,4,4,4,4,4,4,4"
MAS-R-74,I am then taken to the main screen where all of my accounts are able to be accessed.,51,59,4,"4,4,4,4,4,4,4,4,4,4,4,4,4,4"
MAS-R-74,I click on my checking account from the main screen menu and I am able to see all of my recent transactions in a list.,14,30,4,"4,4,4,4,4,4,4,4,4,4,4,4,4,4"
MAS-R-74,I click on my checking account from the main screen menu and I am able to see all of my recent transactions in a list.,95,107,4,"4,4,4,4,4,4,4,4,4,4,4,4,4,4"
MAS-R-74,"I can see the time and date of the transaction along with the amount of money that was taken from my account, and how much money was left in the account after that transaction.",14,18,4,"4,4,4,4,4,4,4,4,4,4,4,4,4,4"
MAS-R-74,"I can see the time and date of the transaction along with the amount of money that was taken from my account, and how much money was left in the account after that transaction.",23,46,4,"4,4,4,4,4,4,4,4,4,4,4,4,4,4"
MAS-R-74,"I can see the time and date of the transaction along with the amount of money that was taken from my account, and how much money was left in the account after that transaction.",58,108,4,"4,4,4,4,4,4,4,4,4,4,4,4,4,4"
MAS-R-74,"I can see the time and date of the transaction along with the amount of money that was taken from my account, and how much money was left in the account after that transaction.",114,175,4,"4,4,4,4,4,4,4,4,4,4,4,4,4,4"
MAS-R-74,"In order to get more information on the transaction, I can click on details and settings and then I can find out if there are any more details that the bank was given when that transaction was made.",40,51,4,"4,4,4,4,4,4,4,4,4,4,4,4,4,4"
MAS-R-74,"In order to get more information on the transaction, I can click on details and settings and then I can find out if there are any more details that the bank was given when that transaction was made.",80,88,4,"4,4,4,4,4,4,4,4,4,4,4,4,4,4"
MAS-R-74,"In order to get more information on the transaction, I can click on details and settings and then I can find out if there are any more details that the bank was given when that transaction was made.",113,197,4,"4,4,4,4,4,4,4,4,4,4,4,4,4,4"
MAS-R-74,I can also check the ID of the transactions in case there is not an identifiable name on there.,21,23,4,"4,4,4,4,4,4,4,4,4,4,4,4,4,4"
MAS-R-74,I can also check the ID of the transactions in case there is not an identifiable name on there.,81,85,4,"4,4,4,4,4,4,4,4,4,4,4,4,4,4"
MAS-R-78,Often when I am shopping I save an item for considered later purchase.,61,69,4,"2,3,3,3,3,4,4,4"
MAS-R-78,I don't want everyone to know what items I am considering purchasing on Amazon or what items I am planning to purchase.,30,78,4,"2,3,3,3,3,4,4,4"
MAS-R-78,I don't want everyone to know what items I am considering purchasing on Amazon or what items I am planning to purchase.,82,118,4,"2,3,3,3,3,4,4,4"
MAS-R-81,"I use this screen to see the list of all the exercises I have done on a given day or over a certain period.

",55,81,4,"2,3,3,3,3,3,3,3,3,3,3,3,3,4,4,5,5"
MAS-R-81,"I use this screen to see the list of all the exercises I have done on a given day or over a certain period.

",85,106,4,"2,3,3,3,3,3,3,3,3,3,3,3,3,4,4,5,5"
MAS-R-81,It uses location information from the GPS along with velocity for workouts to track where and how fast I am moving for my cardio workouts.,8,28,5,"2,3,3,3,3,3,3,3,3,3,3,3,3,4,4,5,5"
MAS-R-81,It uses location information from the GPS along with velocity for workouts to track where and how fast I am moving for my cardio workouts.,38,41,5,"2,3,3,3,3,3,3,3,3,3,3,3,3,4,4,5,5"
MAS-R-82,I am also able to upload additional receipts in order to earn more points.,36,44,4,"0,1,1,1,1,1,1,2,3,4,4,4"
MAS-R-82,From this screen I am also able to look up additional offers that might be available to me to maximize my savings with purchases online.  ,119,128,4,"0,1,1,1,1,1,1,2,3,4,4,4"
MAS-R-82,"No purchase is necessary to play the bonus points game, you must simply log on and spin the wheel.",3,11,4,"0,1,1,1,1,1,1,2,3,4,4,4"
MAS-R-84,I access this screen to take note of the number of spam/robocalls that were blocked on my phone.  ,41,95,4,"2,2,2,3,3,3,3,4,4,4,4,4,4"
MAS-R-84,"This tells me how many calls were blocked, how many spammers are in the database, and how many numbers are in my block list.  ",86,123,4,"2,2,2,3,3,3,3,4,4,4,4,4,4"
MAS-R-84,"In this way, I get a good idea of how well the app is protecting me and how I might want to react to block unwanted calls.  ",116,121,4,"2,2,2,3,3,3,3,4,4,4,4,4,4"
MAS-R-84,"However, I can click on the ""Block List"" section to add more numbers.  ",61,68,4,"2,2,2,3,3,3,3,4,4,4,4,4,4"
MAS-R-84,"I can also click on the ""Blocked Calls"" section to see what robocalls have been blocked.  ",33,38,4,"2,2,2,3,3,3,3,4,4,4,4,4,4"
MAS-R-84,The information used by the app would be the calls that have been blocked as well as the number of known spammers in their database.  ,41,73,4,"2,2,2,3,3,3,3,4,4,4,4,4,4"
MAS-R-85,If I find myself in an area where I am not as familiar I refer to this app to show me the closest Starbucks in the immediate area.,125,129,4,"0,0,0,0,0,0,1,1,1,1,1,2,4,4"
MAS-R-85,This is my fav app for many delicious reasons and I can even get extra points for purchasing gift cards for family and friends for birthdays and holidays.,119,126,4,"0,0,0,0,0,0,1,1,1,1,1,2,4,4"
MAS-R-88,The primary goal on this part of the app is to check whether I have earned any vouchers for future orders based on what I have bought in the past or just gift discounts from the company itself.,53,98,4,"0,3,3,3,4,4,4,5,5,5,5,5,5,5"
MAS-R-88,The primary goal on this part of the app is to check whether I have earned any vouchers for future orders based on what I have bought in the past or just gift discounts from the company itself.,154,192,5,"0,3,3,3,4,4,4,5,5,5,5,5,5,5"
MAS-R-88,"If I am able to see a voucher, I can apply it right then and there, and I can also complement the voucher with the payment info that I have on file in the payment methods area.",98,105,5,"0,3,3,3,4,4,4,5,5,5,5,5,5,5"
MAS-R-88,"If I am able to see a voucher, I can apply it right then and there, and I can also complement the voucher with the payment info that I have on file in the payment methods area.",115,127,5,"0,3,3,3,4,4,4,5,5,5,5,5,5,5"
MAS-R-88,"I do this by clicking on one of the payment methods, right after clicking on the vouchers section, depending on what is currently available to me.",36,51,5,"0,3,3,3,4,4,4,5,5,5,5,5,5,5"
MAS-R-88,"I do this by clicking on one of the payment methods, right after clicking on the vouchers section, depending on what is currently available to me.",81,89,5,"0,3,3,3,4,4,4,5,5,5,5,5,5,5"
MAS-R-88,"The app then uses my payment information, which it uses in combination with my full name that I already have on the profile section, and my address right before I am to place the order.",21,40,5,"0,3,3,3,4,4,4,5,5,5,5,5,5,5"
MAS-R-88,"The app then uses my payment information, which it uses in combination with my full name that I already have on the profile section, and my address right before I am to place the order.",79,88,4,"0,3,3,3,4,4,4,5,5,5,5,5,5,5"
MAS-R-88,"The app then uses my payment information, which it uses in combination with my full name that I already have on the profile section, and my address right before I am to place the order.",116,123,4,"0,3,3,3,4,4,4,5,5,5,5,5,5,5"
MAS-R-88,"The app then uses my payment information, which it uses in combination with my full name that I already have on the profile section, and my address right before I am to place the order.",140,147,5,"0,3,3,3,4,4,4,5,5,5,5,5,5,5"
MAS-R-89,I usually check in my home neighborhood and also other areas when I'm out and curious.,27,39,4,"4,4"
MAS-R-89,The app uses my location to populate the screen with incidents.,16,24,4,"4,4"
MAS-R-91,It allows you to log in with your TV provider to watch the TNT channel on your mobile phone.,34,45,5,"3,5,5,5"
MAS-R-91,"There are various options that you can configure to address privacy settings, with regards to data usage.",94,104,5,"3,5,5,5"
MAS-R-91,"On this page, there is also the option to use mobile phone data (as opposed to wifi data).",46,63,5,"3,5,5,5"
MAS-R-92,"By using this app and keeping my cards in it, I can pay on the fly as needed.",33,38,4,"1,2,2,2,3,3,3,3,4,5"
MAS-R-92,"If you notice, it also has google pay available, which provides the fastest and most convenient method of payment, and goes directly to my bank account.",139,151,5,"1,2,2,2,3,3,3,3,4,5"
MAS-R-94,I can use it to find directions to a location or even make a call.,37,45,4,"1,1,1,1,1,2,2,2,3,3,3,3,4,4,4,4,4,5"
MAS-R-94,People are always uploading cool images from these locations.,51,60,4,"1,1,1,1,1,2,2,2,3,3,3,3,4,4,4,4,4,5"
MAS-R-94,I can also save them in my contacts if I want to contact them later.,27,35,4,"1,1,1,1,1,2,2,2,3,3,3,3,4,4,4,4,4,5"
MAS-R-94,It mostly uses my location information.,18,38,4,"1,1,1,1,1,2,2,2,3,3,3,3,4,4,4,4,4,5"
MAS-R-94,It also makes use of my contact information.,24,43,4,"1,1,1,1,1,2,2,2,3,3,3,3,4,4,4,4,4,5"
MAS-R-94,Since it's linked to my Google account it may make use of my search history or general interests.,61,75,5,"1,1,1,1,1,2,2,2,3,3,3,3,4,4,4,4,4,5"
MAS-R-95,"I can see my profile details also I can edit my profile details including full name, address, relationship status, work, and education details, Date of Birth, and family members who are using Facebook.",85,92,5,"0,0,1,1,1,1,1,2,2,2,2,3,3,3,3,4,5,5,5"
MAS-R-95,"I can see my profile details also I can edit my profile details including full name, address, relationship status, work, and education details, Date of Birth, and family members who are using Facebook.",144,157,4,"0,0,1,1,1,1,1,2,2,2,2,3,3,3,3,4,5,5,5"
MAS-R-95,"I can see my profile details also I can edit my profile details including full name, address, relationship status, work, and education details, Date of Birth, and family members who are using Facebook.",163,177,5,"0,0,1,1,1,1,1,2,2,2,2,3,3,3,3,4,5,5,5"
MAS-R-95,I can also set privacy details as to who can see my data by only me/public/friends like this.,15,30,5,"0,0,1,1,1,1,1,2,2,2,2,3,3,3,3,4,5,5,5"
MAS-R-96,"The information the app uses is my login information, my purchase history and my payment information.",35,52,4,"1,1,1,2,2,2,2,3,4,4,4"
MAS-R-96,"The information the app uses is my login information, my purchase history and my payment information.",57,73,4,"1,1,1,2,2,2,2,3,4,4,4"
MAS-R-96,"The information the app uses is my login information, my purchase history and my payment information.",81,100,4,"1,1,1,2,2,2,2,3,4,4,4"
MAS-R-97,I do so by selecting a voucher or a promo code offer that is ongoing.,23,30,5,"3,3,3,3,4,4,5,5,5,5,5,5,5,5,5"
MAS-R-97,I do so by selecting a voucher or a promo code offer that is ongoing.,36,46,5,"3,3,3,3,4,4,5,5,5,5,5,5,5,5,5"
MAS-R-97,I do so by selecting a voucher or a promo code offer that is ongoing.,47,52,5,"3,3,3,3,4,4,5,5,5,5,5,5,5,5,5"
MAS-R-97,"The main interactions on this screen are selecting my credit card information after choosing my items, and then the app takes that payment info and credit card that I have set up on this page at the top, applies any potential discounts that I may have added, takes my name, and uses my address.",54,77,5,"3,3,3,3,4,4,5,5,5,5,5,5,5,5,5"
MAS-R-97,"The main interactions on this screen are selecting my credit card information after choosing my items, and then the app takes that payment info and credit card that I have set up on this page at the top, applies any potential discounts that I may have added, takes my name, and uses my address.",131,143,5,"3,3,3,3,4,4,5,5,5,5,5,5,5,5,5"
MAS-R-97,"The main interactions on this screen are selecting my credit card information after choosing my items, and then the app takes that payment info and credit card that I have set up on this page at the top, applies any potential discounts that I may have added, takes my name, and uses my address.",148,159,5,"3,3,3,3,4,4,5,5,5,5,5,5,5,5,5"
MAS-R-97,"The main interactions on this screen are selecting my credit card information after choosing my items, and then the app takes that payment info and credit card that I have set up on this page at the top, applies any potential discounts that I may have added, takes my name, and uses my address.",268,272,4,"3,3,3,3,4,4,5,5,5,5,5,5,5,5,5"
MAS-R-97,"The main interactions on this screen are selecting my credit card information after choosing my items, and then the app takes that payment info and credit card that I have set up on this page at the top, applies any potential discounts that I may have added, takes my name, and uses my address.",286,293,5,"3,3,3,3,4,4,5,5,5,5,5,5,5,5,5"
MAS-R-97,"The app uses this information in order to know where to deliver it to, what to cards to charge, how much to charge each of them, and it then gives my full name and delivery address to the delivery driver for completion.",71,94,5,"3,3,3,3,4,4,5,5,5,5,5,5,5,5,5"
MAS-R-97,"The app uses this information in order to know where to deliver it to, what to cards to charge, how much to charge each of them, and it then gives my full name and delivery address to the delivery driver for completion.",150,159,4,"3,3,3,3,4,4,5,5,5,5,5,5,5,5,5"
MAS-R-97,"The app uses this information in order to know where to deliver it to, what to cards to charge, how much to charge each of them, and it then gives my full name and delivery address to the delivery driver for completion.",164,180,5,"3,3,3,3,4,4,5,5,5,5,5,5,5,5,5"
MAS-R-98,This is the screen that's generated after I update the databases and run the antivirus scan.  ,55,64,4,"2,2,3,3,3,4,4,4"
MAS-R-98,"so it scans the entire phone and needs access to contacts, call history, and really the entire phone.  ",49,57,4,"2,2,3,3,3,4,4,4"
MAS-R-98,"so it scans the entire phone and needs access to contacts, call history, and really the entire phone.  ",59,71,4,"2,2,3,3,3,4,4,4"
MAS-R-99,"Every Saturday my partner and I each make a drawing that we send to the other, for that we enter the App then we click on ""respond"" to enter the drawing section (it brings several tools that help to make different drawings) after that we click send, I can see the drawings I receive by clicking on the drawing timeline section.
",44,51,5,"1,1,1,2,4,5,5,5"
MAS-R-99,"Every Saturday my partner and I each make a drawing that we send to the other, for that we enter the App then we click on ""respond"" to enter the drawing section (it brings several tools that help to make different drawings) after that we click send, I can see the drawings I receive by clicking on the drawing timeline section.
",302,318,5,"1,1,1,2,4,5,5,5"
MAS-R-99,"When finished, he asks me if I want to share the drawings with my contacts or on my social networks.

",49,57,5,"1,1,1,2,4,5,5,5"
MAS-R-99,"The app itself does not use much of our personal information beyond our names, connections and social networks.",79,90,4,"1,1,1,2,4,5,5,5"
MAS-R-102,I use this screen to look up when I bought a product last,29,57,4,"2,2,4,4,4,4,4,4,4,5"
MAS-R-102,so I can see how long it lasts me.,13,33,4,"2,2,4,4,4,4,4,4,4,5"
MAS-R-102,it also helps me because you can use this screen to start a return and return items in store that you don't like.,78,83,4,"2,2,4,4,4,4,4,4,4,5"
MAS-R-102,It helps me when I am shopping because it tells me when I bought the exact item before.,51,86,4,"2,2,4,4,4,4,4,4,4,5"
MAS-R-102,I use this a lot when it comes to groceries and personal care products because I can look up when I bought them and get an idea on how many I need to buy a month so I can budget for it.,48,70,4,"2,2,4,4,4,4,4,4,4,5"
MAS-R-102,I use this a lot when it comes to groceries and personal care products because I can look up when I bought them and get an idea on how many I need to buy a month so I can budget for it.,131,161,4,"2,2,4,4,4,4,4,4,4,5"
MAS-R-102,I probably shop at Walmart more than any other store so things like purchase history and super important to me.,68,84,4,"2,2,4,4,4,4,4,4,4,5"
MAS-R-102,It gives me peace of mind to know there is a record of all of my shopping at the store.,45,73,5,"2,2,4,4,4,4,4,4,4,5"
MAS-R-103,If i don't reach that in the morning i use the app again in the afternoon to gain more steps and keep track of heart rate while i'm getting my steps in.,111,121,4,"0,0,1,1,1,1,2,2,2,4"
MAS-R-104,"When I want to do an activity like walking or hiking or biking, I go into the app and allow it to use my location while I'm doing the activity so it can log details of the distance, the location where the activity was taking place and a map of where the activity took place, the calories burned, and things like elevation gain and moving speed.",157,164,4,"0,0,0,0,1,1,1,1,2,3,3,3,3,3,3,3,4,4,4"
MAS-R-104,"When I want to do an activity like walking or hiking or biking, I go into the app and allow it to use my location while I'm doing the activity so it can log details of the distance, the location where the activity was taking place and a map of where the activity took place, the calories burned, and things like elevation gain and moving speed.",237,240,4,"0,0,0,0,1,1,1,1,2,3,3,3,3,3,3,3,4,4,4"
MAS-R-104,"In order to get the graph data, the app had to track my location for the activity.",56,64,4,"0,0,0,0,1,1,1,1,2,3,3,3,3,3,3,3,4,4,4"
MAS-R-105,"To stay in touch with my friend and family or to complete a specific step in a multi-factor authentication process, I open the app and choose the correct filter.  ",92,114,5,"5,5,5,5,5,5,5,5,5,5,5,5,5"
MAS-R-105,For friends and family I use the Personal tab to quickly find new messages.  ,66,74,5,"5,5,5,5,5,5,5,5,5,5,5,5,5"
MAS-R-105,For one-time authentication messages I switch to the Business tab.  ,13,36,5,"5,5,5,5,5,5,5,5,5,5,5,5,5"
MAS-R-105,"To open a conversation to view the text message I click on the unread message thread, which shows up in a bold white when it hasn't yet been viewed.  ",10,22,5,"5,5,5,5,5,5,5,5,5,5,5,5,5"
MAS-R-105,"To open a conversation to view the text message I click on the unread message thread, which shows up in a bold white when it hasn't yet been viewed.  ",35,47,5,"5,5,5,5,5,5,5,5,5,5,5,5,5"
MAS-R-105,"To open a conversation to view the text message I click on the unread message thread, which shows up in a bold white when it hasn't yet been viewed.  ",70,84,5,"5,5,5,5,5,5,5,5,5,5,5,5,5"
MAS-R-105,"Once inside the thread I can read the full message and choose how I want to reply, or if it contains a verification code I can quickly copy it to my clipboard and insert it on the relevant login page.  ",16,22,5,"5,5,5,5,5,5,5,5,5,5,5,5,5"
MAS-R-105,"Once inside the thread I can read the full message and choose how I want to reply, or if it contains a verification code I can quickly copy it to my clipboard and insert it on the relevant login page.  ",43,50,5,"5,5,5,5,5,5,5,5,5,5,5,5,5"
MAS-R-105,"Once inside the thread I can read the full message and choose how I want to reply, or if it contains a verification code I can quickly copy it to my clipboard and insert it on the relevant login page.  ",62,81,5,"5,5,5,5,5,5,5,5,5,5,5,5,5"
MAS-R-105,"Once inside the thread I can read the full message and choose how I want to reply, or if it contains a verification code I can quickly copy it to my clipboard and insert it on the relevant login page.  ",103,120,5,"5,5,5,5,5,5,5,5,5,5,5,5,5"
MAS-R-105,I can also easily archive or delete entire message threads to lessen clutter within the app and make it easier scroll down to previous threads that are of importance to me.,43,58,5,"5,5,5,5,5,5,5,5,5,5,5,5,5"
MAS-R-105,I can also easily archive or delete entire message threads to lessen clutter within the app and make it easier scroll down to previous threads that are of importance to me.,135,142,5,"5,5,5,5,5,5,5,5,5,5,5,5,5"
MAS-R-105,I can also easily archive or delete entire message threads to lessen clutter within the app and make it easier scroll down to previous threads that are of importance to me.,143,171,5,"5,5,5,5,5,5,5,5,5,5,5,5,5"
MAS-R-106,"The information used is wifi, my location, local network, microphone, camera access, and cellular data.",33,41,4,"0,2,2,3,3,4,5,5,5,5,5"
MAS-R-106,"The information used is wifi, my location, local network, microphone, camera access, and cellular data.",43,56,5,"0,2,2,3,3,4,5,5,5,5,5"
MAS-R-106,"The information used is wifi, my location, local network, microphone, camera access, and cellular data.",58,68,5,"0,2,2,3,3,4,5,5,5,5,5"
MAS-R-106,"The information used is wifi, my location, local network, microphone, camera access, and cellular data.",70,83,5,"0,2,2,3,3,4,5,5,5,5,5"
MAS-R-106,"The information used is wifi, my location, local network, microphone, camera access, and cellular data.",89,102,5,"0,2,2,3,3,4,5,5,5,5,5"
MAS-R-106,I am fine with this information being used because it secures my home.,65,69,5,"0,2,2,3,3,4,5,5,5,5,5"
MAS-R-108,"I can change the audio and podcast quality on this screen and set my customized preferences to Autoplay, Change language, content restriction, streaming quality, offline download quality, and offline downloaded file location.",211,224,5,"0,0,0,0,1,1,1,1,1,1,2,2,2,3,4,4,5"
MAS-R-108,"I can also turn on the private session using this screen, where I can listen to my favorite songs and podcast secretly and anonymously without saving my history and activity.",153,160,4,"0,0,0,0,1,1,1,1,1,1,2,2,2,3,4,4,5"
MAS-R-108,"I can also turn on the private session using this screen, where I can listen to my favorite songs and podcast secretly and anonymously without saving my history and activity.",165,173,4,"0,0,0,0,1,1,1,1,1,1,2,2,2,3,4,4,5"
MAS-R-110,"important is things like medical instructions, reminders to pick up medications, peoples phone numbers or doctors appointments or just general things to remember that are of priority to me.",25,45,5,"0,0,1,1,2,2,2,2,2,5,5,5,5,5"
MAS-R-110,"important is things like medical instructions, reminders to pick up medications, peoples phone numbers or doctors appointments or just general things to remember that are of priority to me.",68,79,5,"0,0,1,1,2,2,2,2,2,5,5,5,5,5"
MAS-R-110,"important is things like medical instructions, reminders to pick up medications, peoples phone numbers or doctors appointments or just general things to remember that are of priority to me.",89,102,5,"0,0,1,1,2,2,2,2,2,5,5,5,5,5"
MAS-R-110,"important is things like medical instructions, reminders to pick up medications, peoples phone numbers or doctors appointments or just general things to remember that are of priority to me.",106,126,5,"0,0,1,1,2,2,2,2,2,5,5,5,5,5"
MAS-R-110,Amazon stuff is where i put monthly supplies i i need to buy from Amazon things like hand sanitizer trash bags.,85,110,5,"0,0,1,1,2,2,2,2,2,5,5,5,5,5"
MAS-R-112,To use and control what apps I have connected to my Facebook account I use this screen.,52,60,4,"3,3,3,3,4,4,4,4,4,4,4,4,4"
MAS-R-112,"In order to get there, I open Facebook and go to account settings.",49,65,4,"3,3,3,3,4,4,4,4,4,4,4,4,4"
MAS-R-112,"I open the Security and Privacy settings, then select the Apps and Websites to view this information.",58,62,4,"3,3,3,3,4,4,4,4,4,4,4,4,4"
MAS-R-112,"I open the Security and Privacy settings, then select the Apps and Websites to view this information.",67,75,4,"3,3,3,3,4,4,4,4,4,4,4,4,4"
MAS-R-112,I can them view my Facebook login apps and websites.,43,51,4,"3,3,3,3,4,4,4,4,4,4,4,4,4"
MAS-R-112,I can also remove old accounts that are no longer active and keep my security and privacy more safe.,82,89,4,"3,3,3,3,4,4,4,4,4,4,4,4,4"
MAS-R-112,It also will easily let me view any suspicious logins and connected apps and websites.,47,53,4,"3,3,3,3,4,4,4,4,4,4,4,4,4"
MAS-R-112,"Personal privacy is important to me, so I like to manage my connected apps pretty strictly.",0,16,4,"3,3,3,3,4,4,4,4,4,4,4,4,4"
MAS-R-112,"Personal privacy is important to me, so I like to manage my connected apps pretty strictly.",70,74,4,"3,3,3,3,4,4,4,4,4,4,4,4,4"
MAS-R-113,The information the app uses to support this screen is my location as well as my profile name and photo.,81,93,4,"1,2,2,3,3,3,3,4,5"
MAS-R-113,The information the app uses to support this screen is my location as well as my profile name and photo.,98,103,5,"1,2,2,3,3,3,3,4,5"
MAS-R-116,I use this screen to monitor my weight and see if I am making progress.,32,38,4,"4,4,4,4,4,4,4,4,4"
MAS-R-116,I use this screen to monitor my weight and see if I am making progress.,62,70,4,"4,4,4,4,4,4,4,4,4"
MAS-R-116,Someday and weeks I do not look at it at all or I will forget to wear my watch because I have taken it off to charge.  ,73,78,4,"4,4,4,4,4,4,4,4,4"
MAS-R-116,I also look to see how long I have been trying to reach my goal.  ,19,63,4,"4,4,4,4,4,4,4,4,4"
MAS-R-116,I like to walk so I look back at locations and I also look to see if I know anyone in my community.  ,33,42,4,"4,4,4,4,4,4,4,4,4"
MAS-R-116,I like to walk so I look back at locations and I also look to see if I know anyone in my community.  ,89,98,4,"4,4,4,4,4,4,4,4,4"
MAS-R-116,Its fun to see badges and trophies I may have acquired but sometimes I feel like this informaiton is very personal and is not what I want the world to see.d  I also like to track my step count each day and try to exceed it if I can.,15,21,4,"4,4,4,4,4,4,4,4,4"
MAS-R-116,Its fun to see badges and trophies I may have acquired but sometimes I feel like this informaiton is very personal and is not what I want the world to see.d  I also like to track my step count each day and try to exceed it if I can.,26,34,4,"4,4,4,4,4,4,4,4,4"
MAS-R-116,Its fun to see badges and trophies I may have acquired but sometimes I feel like this informaiton is very personal and is not what I want the world to see.d  I also like to track my step count each day and try to exceed it if I can.,182,192,4,"4,4,4,4,4,4,4,4,4"
MAS-R-118,"I use this screen to check past trips I have taken, which has a number of uses.",32,37,5,"1,2,2,4,4,5,5,5,5"
MAS-R-118,"First off it logs the amount each trip cost, which I use to keep track of my budget and for my taxes if I ride for work purposes.",95,100,4,"1,2,2,4,4,5,5,5,5"
MAS-R-118,"That way I don't need to figure out all the same details, type in all the addresses and time and whatnot like the first time.",74,83,5,"1,2,2,4,4,5,5,5,5"
MAS-R-118,"However it does keep the addresses of where I go and when, like an alibi lol.",38,48,4,"1,2,2,4,4,5,5,5,5"
MAS-R-118,But I don't want to display my home address.,31,43,5,"1,2,2,4,4,5,5,5,5"
MAS-R-118,In fact even the map kinda reveals where I am...,35,45,5,"1,2,2,4,4,5,5,5,5"
MAS-R-121,"This screen allows you to change your Username, which can be done at any time and works in tandem with servers you may be on.",38,46,5,"4,5,5,5,5,5,5,5"
MAS-R-121,"(Certain servers may ask that you change your username to match the theme, or for identification purposes within that community you have joined.)",118,127,4,"4,5,5,5,5,5,5,5"
MAS-R-121,"It allows you to change your password, or to input a phone number should you need to recover your account due to account theft or anything else that may occur that compromises your account's safety.",29,37,5,"4,5,5,5,5,5,5,5"
MAS-R-121,"It allows you to change your password, or to input a phone number should you need to recover your account due to account theft or anything else that may occur that compromises your account's safety.",181,188,5,"4,5,5,5,5,5,5,5"
MAS-R-121,"The information that is used to support this screen is usually access to your email address, phone number or authentication device program that is on your phone that confirms that you are who you say you are.",78,91,5,"4,5,5,5,5,5,5,5"
MAS-R-121,"The information that is used to support this screen is usually access to your email address, phone number or authentication device program that is on your phone that confirms that you are who you say you are.",93,105,5,"4,5,5,5,5,5,5,5"
MAS-R-121,"The information that is used to support this screen is usually access to your email address, phone number or authentication device program that is on your phone that confirms that you are who you say you are.",155,160,5,"4,5,5,5,5,5,5,5"
MAS-R-121,"Anything on this screen is interactable so I would typically click on Username, and it would allow me to change my username in a pop up that arises or a different screen.",115,123,5,"4,5,5,5,5,5,5,5"
MAS-R-125,I don't like getting too many attachments because I worry about viruses and other mal ware that is in many attachments now days.  ,30,41,4,"0,1,1,1,1,1,2,2,2,2,3,3,4"
MAS-R-126,So this screen shows my starting weight on the date that I first started using the app.,24,39,5,"1,1,1,1,1,1,2,2,3,4,5,5,5,5,5"
MAS-R-126,When looking at this screen I can see how my weight has changed and even update my goals such as the goal weight and how much weight to lose each week.,83,88,5,"1,1,1,1,1,1,2,2,3,4,5,5,5,5,5"
MAS-R-126,When looking at this screen I can see how my weight has changed and even update my goals such as the goal weight and how much weight to lose each week.,101,112,4,"1,1,1,1,1,1,2,2,3,4,5,5,5,5,5"
MAS-R-126,"I do also use this screen to access my nutrient goals, which I customize to my current recommended diet plan (such as fiber, sodium, calorie customization, and sugar grams).",133,154,5,"1,1,1,1,1,1,2,2,3,4,5,5,5,5,5"
MAS-R-126,I can see how long it's taken me to lose weight by calculating the time between the current date and the starting weight date and that makes me either feel accomplished or depressed depending on the day.,41,47,5,"1,1,1,1,1,1,2,2,3,4,5,5,5,5,5"
MAS-R-126,I can see how long it's taken me to lose weight by calculating the time between the current date and the starting weight date and that makes me either feel accomplished or depressed depending on the day.,114,125,5,"1,1,1,1,1,1,2,2,3,4,5,5,5,5,5"
MAS-R-128,This is the main screen I use on todoist for tasks I should do.,45,50,4,"3,3,3,4,4,4"
MAS-R-128,"I mainly use the big red button to add goals on nearly anything, sometimes even to just save my thoughts for later.",39,44,4,"3,3,3,4,4,4"
MAS-R-128,I tap the circles next to the task when I complete the task.,55,59,4,"3,3,3,4,4,4"
MAS-R-129,"Before I place an order within this app, I come right to this page, because I check to see whether I have earned any credits that I could then apply to my upcoming order.",117,124,5,"3,3,4,5,5,5,5,5,5,5,5"
MAS-R-129,"This is in the section that is named ""DoorDash Credits.""",47,54,5,"3,3,4,5,5,5,5,5,5,5,5"
MAS-R-129,"There could be a monetary amount there, or a promo code that is active for me.",45,55,5,"3,3,4,5,5,5,5,5,5,5,5"
MAS-R-129,"The app then applies that to my cart and takes my payment information for the upcoming order, which is found at the very top of the app section that is named ""Saved Payment Methods.""",165,180,5,"3,3,4,5,5,5,5,5,5,5,5"
MAS-R-129,"Once I am done, I go and I select what I want to get with the applied credits and promo codes, schedule a time for the delivery to be made, and I officially place the order.",82,93,5,"3,3,4,5,5,5,5,5,5,5,5"
MAS-R-129,"The app applies everything, uses my payment information to complete the rest of what is due with my default credit card.",36,55,5,"3,3,4,5,5,5,5,5,5,5,5"
MAS-R-129,"The app applies everything, uses my payment information to complete the rest of what is due with my default credit card.",108,119,5,"3,3,4,5,5,5,5,5,5,5,5"
MAS-R-129,My name and my address are also used for the delivery driver to then complete the delivery of the order directly to me.,3,7,4,"3,3,4,5,5,5,5,5,5,5,5"
MAS-R-129,My name and my address are also used for the delivery driver to then complete the delivery of the order directly to me.,15,22,5,"3,3,4,5,5,5,5,5,5,5,5"
MAS-R-133,"I use this screen when I want to share photos with other people, especially a large number of photos.",39,45,5,"2,3,4,5,5,5,5,5,5,5,5,5"
MAS-R-133,"I use it to share photos I've taken, as well as share photos with a family member who wants prints, but doesn't yet know which photos they want prints of.",75,81,5,"2,3,4,5,5,5,5,5,5,5,5,5"
MAS-R-133,"To achieve this, I click on 'Sharing' in Google Photos to get to this screen, and then I'd select 'Create shared album'.",48,54,5,"2,3,4,5,5,5,5,5,5,5,5,5"
MAS-R-133,"To achieve this, I click on 'Sharing' in Google Photos to get to this screen, and then I'd select 'Create shared album'.",113,118,5,"2,3,4,5,5,5,5,5,5,5,5,5"
MAS-R-133,"If I have one already created that I want to share again or with another person, I'll click on the particular album, and then click on the plus sign under that album's name, which enables me to add people to share it with.",168,172,4,"2,3,4,5,5,5,5,5,5,5,5,5"
MAS-R-133,"If I have one already created that I want to share again or with another person, I'll click on the particular album, and then click on the plus sign under that album's name, which enables me to add people to share it with.",198,204,5,"2,3,4,5,5,5,5,5,5,5,5,5"
MAS-R-133,"When I use this screen, I have to enable it to have access to my camera and contacts in order to share anything.",76,84,5,"2,3,4,5,5,5,5,5,5,5,5,5"
MAS-R-133,"A person I shared photos with, or I myself, sometimes also will edit albums.",69,75,5,"2,3,4,5,5,5,5,5,5,5,5,5"
MAS-R-133,"For example, when I need to make prints for a family member, I or they will click 'like' on the particular image to indicate that's what they want printed.",33,39,5,"2,3,4,5,5,5,5,5,5,5,5,5"
MAS-R-133,"For example, when I need to make prints for a family member, I or they will click 'like' on the particular image to indicate that's what they want printed.",107,112,5,"2,3,4,5,5,5,5,5,5,5,5,5"
MAS-R-134,This page is basically my spending and usage of my money in the bank.,51,56,4,"3,3,3,3,4,4,4,4,4,4,4,5,5,5"
MAS-R-134,This page is basically my spending and usage of my money in the bank.,64,68,5,"3,3,3,3,4,4,4,4,4,4,4,5,5,5"
MAS-R-134,It shows how much I have spend and how much I have earned through various jobs I have done.,35,90,4,"3,3,3,3,4,4,4,4,4,4,4,5,5,5"
MAS-R-134,Then I can enter a number that I want to keep my spending under.,19,25,4,"3,3,3,3,4,4,4,4,4,4,4,5,5,5"
MAS-R-134,The interactions described before is how I would track my usage of my money and my spending and earning information.,58,63,4,"3,3,3,3,4,4,4,4,4,4,4,5,5,5"
MAS-R-134,The interactions described before is how I would track my usage of my money and my spending and earning information.,83,91,5,"3,3,3,3,4,4,4,4,4,4,4,5,5,5"
MAS-R-134,The interactions described before is how I would track my usage of my money and my spending and earning information.,104,115,5,"3,3,3,3,4,4,4,4,4,4,4,5,5,5"
MAS-R-134,And they may share these information of my bank usage to third party which I do not want them to do in any circumstances.,43,53,4,"3,3,3,3,4,4,4,4,4,4,4,5,5,5"
MAS-R-134,They combine my profile information combined with my usage data also my contacts and could share to third parties.,16,35,4,"3,3,3,3,4,4,4,4,4,4,4,5,5,5"
MAS-R-134,They combine my profile information combined with my usage data also my contacts and could share to third parties.,53,63,4,"3,3,3,3,4,4,4,4,4,4,4,5,5,5"
MAS-R-135,"I use this as more of a hub so I can access the calendar and stats, and I try to track my mood at least twice a day.",48,56,4,"2,2,2,2,2,2,3,4,5"
MAS-R-135,You can also add pictures from this screen which is helpful as pictures make days more recognizable when you're looking back on the days a few months/years later.,63,71,5,"2,2,2,2,2,2,3,4,5"
MAS-R-137,Then i scroll down to my feed that's where i will see all relevant friends and people i follow and their posts.,67,74,4,"2,3,4,4,4,4,4,5"
MAS-R-137,Then i scroll down to my feed that's where i will see all relevant friends and people i follow and their posts.,79,85,4,"2,3,4,4,4,4,4,5"
MAS-R-137,Sometimes i find it boring and just skip over most posts but the important ones i stop and read and sometimes i click like or the love button.,51,56,4,"2,3,4,4,4,4,4,5"
MAS-R-137,Not always because sometimes i don't want them to think all i do is check facebook all day and click like on pictures because that would be embarresing.,74,82,4,"2,3,4,4,4,4,4,5"
MAS-R-137,Not always because sometimes i don't want them to think all i do is check facebook all day and click like on pictures because that would be embarresing.,109,117,5,"2,3,4,4,4,4,4,5"
MAS-R-137,When i do reach the bottom which is mostly never because i don't scroll thru the entire feed .,88,92,4,"2,3,4,4,4,4,4,5"
MAS-R-138,"The interaction with the screen comes by way of selecting the promo that I want to use on the order that I am about to place, selecting my payment info on that page in case the promo does not pay off the entirety of the charges, and proceeding with my order.",220,227,5,"3,3,3,3,3,3,4,5,5,5"
MAS-R-138,"The app will then use my payment info, and on later screens, my full name and my address, in order to complete the full delivery of the order that I have placed to me.",25,37,5,"3,3,3,3,3,3,4,5,5,5"
MAS-R-138,"The app will then use my payment info, and on later screens, my full name and my address, in order to complete the full delivery of the order that I have placed to me.",64,73,4,"3,3,3,3,3,3,4,5,5,5"
MAS-R-138,"The app will then use my payment info, and on later screens, my full name and my address, in order to complete the full delivery of the order that I have placed to me.",81,88,5,"3,3,3,3,3,3,4,5,5,5"
MAS-R-139,I can easily switch accounts using this screen if I use multiple Instagram accounts.,20,28,5,"0,0,0,1,1,1,1,2,2,2,2,2,3,3,3,4,4,4,5"
MAS-R-139,I can see how many posts I posted before and how many followers I have and also I can see how many followed me.,45,70,4,"0,0,0,1,1,1,1,2,2,2,2,2,3,3,3,4,4,4,5"
MAS-R-139,I can see how many posts I posted before and how many followers I have and also I can see how many followed me.,90,110,4,"0,0,0,1,1,1,1,2,2,2,2,2,3,3,3,4,4,4,5"
MAS-R-139,I can easily navigate to the homepage or search for anyone by using names and hashtags or I can watch new reels posted by my friends and unknown people by using the bottommost icons.,68,73,4,"0,0,0,1,1,1,1,2,2,2,2,2,3,3,3,4,4,4,5"
MAS-R-140,"One this screen, you can view your currently checked-out audio- and ebooks, and listen to or read the ones you currently have checked out or renew those you have checked out in the past.",52,56,4,"2,3,3,4,4,4,4,4,4,4,4,4,4,4,4,4,5,5,5"
MAS-R-140,"One this screen, you can view your currently checked-out audio- and ebooks, and listen to or read the ones you currently have checked out or renew those you have checked out in the past.",57,63,4,"2,3,3,4,4,4,4,4,4,4,4,4,4,4,4,4,5,5,5"
MAS-R-140,"One this screen, you can view your currently checked-out audio- and ebooks, and listen to or read the ones you currently have checked out or renew those you have checked out in the past.",68,74,4,"2,3,3,4,4,4,4,4,4,4,4,4,4,4,4,4,5,5,5"
MAS-R-140,"One this screen, you can view your currently checked-out audio- and ebooks, and listen to or read the ones you currently have checked out or renew those you have checked out in the past.",111,185,4,"2,3,3,4,4,4,4,4,4,4,4,4,4,4,4,4,5,5,5"
MAS-R-140,"I click on the titles of the books, and I can check them out again, if available, or I can play or open the audio/ebooks I currently have checked out.",15,21,4,"2,3,3,4,4,4,4,4,4,4,4,4,4,4,4,4,5,5,5"
MAS-R-140,"I click on the titles of the books, and I can check them out again, if available, or I can play or open the audio/ebooks I currently have checked out.",108,113,4,"2,3,3,4,4,4,4,4,4,4,4,4,4,4,4,4,5,5,5"
MAS-R-140,"I click on the titles of the books, and I can check them out again, if available, or I can play or open the audio/ebooks I currently have checked out.",113,120,4,"2,3,3,4,4,4,4,4,4,4,4,4,4,4,4,4,5,5,5"
MAS-R-140,"You can tap on the image of the cover, or on the title to the right of the picture.",49,54,4,"2,3,3,4,4,4,4,4,4,4,4,4,4,4,4,4,5,5,5"
MAS-R-140,You can also tap on the author's name to see if there are other books by that same author available from your library.,24,30,4,"2,3,3,4,4,4,4,4,4,4,4,4,4,4,4,4,5,5,5"
MAS-R-140,You can also tap on the author's name to see if there are other books by that same author available from your library.,33,37,4,"2,3,3,4,4,4,4,4,4,4,4,4,4,4,4,4,5,5,5"
MAS-R-140,You can also tap on the author's name to see if there are other books by that same author available from your library.,64,69,4,"2,3,3,4,4,4,4,4,4,4,4,4,4,4,4,4,5,5,5"
MAS-R-140,You can also tap on the author's name to see if there are other books by that same author available from your library.,110,117,4,"2,3,3,4,4,4,4,4,4,4,4,4,4,4,4,4,5,5,5"
MAS-R-140,The book will automatically download to your phone and be reserved for three weeks.,4,8,4,"2,3,3,4,4,4,4,4,4,4,4,4,4,4,4,4,5,5,5"
MAS-R-140,The app uses my library card number and library location to find what titles are available from my library and link it to my library account.,16,35,5,"2,3,3,4,4,4,4,4,4,4,4,4,4,4,4,4,5,5,5"
MAS-R-140,The app uses my library card number and library location to find what titles are available from my library and link it to my library account.,40,56,5,"2,3,3,4,4,4,4,4,4,4,4,4,4,4,4,4,5,5,5"
MAS-R-140,The app uses my library card number and library location to find what titles are available from my library and link it to my library account.,125,140,5,"2,3,3,4,4,4,4,4,4,4,4,4,4,4,4,4,5,5,5"
MAS-R-143,"The app clears storage by deleting unwanted media in my phone, repeating pics, cache memory and scans for large images that i can choose to delete if i wish so.",15,22,4,"1,2,2,3,3,3,3,3,3,4,4,4"
MAS-R-143,"The app clears storage by deleting unwanted media in my phone, repeating pics, cache memory and scans for large images that i can choose to delete if i wish so.",73,77,4,"1,2,2,3,3,3,3,3,3,4,4,4"
MAS-R-143,"The app clears storage by deleting unwanted media in my phone, repeating pics, cache memory and scans for large images that i can choose to delete if i wish so.",112,118,4,"1,2,2,3,3,3,3,3,3,4,4,4"
MAS-R-145,It connects with my bank account through a service called Plaid so it also updates when charges appear on my bank account.,109,121,4,"2,2,2,2,2,2,2,4"
MAS-R-146,"This screen shows me my crypto balance to track how much crypto currency I have and the value of it, as well as my cash balance directly in my venmo account.",24,38,5,"2,5,5,5,5,5,5,5,5,5,5,5,5,5,5,5,5,5"
MAS-R-146,"This screen shows me my crypto balance to track how much crypto currency I have and the value of it, as well as my cash balance directly in my venmo account.",48,79,5,"2,5,5,5,5,5,5,5,5,5,5,5,5,5,5,5,5,5"
MAS-R-146,"This screen shows me my crypto balance to track how much crypto currency I have and the value of it, as well as my cash balance directly in my venmo account.",115,127,5,"2,5,5,5,5,5,5,5,5,5,5,5,5,5,5,5,5,5"
MAS-R-146,"This screen shows me my crypto balance to track how much crypto currency I have and the value of it, as well as my cash balance directly in my venmo account.",143,156,5,"2,5,5,5,5,5,5,5,5,5,5,5,5,5,5,5,5,5"
MAS-R-146,"It also shows me my linked debit and credit cards.

",37,49,5,"2,5,5,5,5,5,5,5,5,5,5,5,5,5,5,5,5,5"
MAS-R-146,I use this page to track my cryptocurrency holdings - I don't really trade a lot,28,51,5,"2,5,5,5,5,5,5,5,5,5,5,5,5,5,5,5,5,5"
MAS-R-146,but I hold some ethereum and bitcoin,16,24,5,"2,5,5,5,5,5,5,5,5,5,5,5,5,5,5,5,5,5"
MAS-R-146,but I hold some ethereum and bitcoin,29,36,5,"2,5,5,5,5,5,5,5,5,5,5,5,5,5,5,5,5,5"
MAS-R-146,and I like to be able to check to see what the value of my holdings are.,59,67,5,"2,5,5,5,5,5,5,5,5,5,5,5,5,5,5,5,5,5"
MAS-R-146,"I also use it to check my cash holdings when people transfer me money.

",26,39,5,"2,5,5,5,5,5,5,5,5,5,5,5,5,5,5,5,5,5"
MAS-R-146,"I also use it to check my cash holdings when people transfer me money.

",64,69,5,"2,5,5,5,5,5,5,5,5,5,5,5,5,5,5,5,5,5"
MAS-R-146,Venmo uses a LOT of my personal information obviously.,23,43,5,"2,5,5,5,5,5,5,5,5,5,5,5,5,5,5,5,5,5"
MAS-R-146,"This page is supported by my banking information, my crypto wallet information, and my transaction information.",29,48,5,"2,5,5,5,5,5,5,5,5,5,5,5,5,5,5,5,5,5"
MAS-R-146,"This page is supported by my banking information, my crypto wallet information, and my transaction information.",53,78,5,"2,5,5,5,5,5,5,5,5,5,5,5,5,5,5,5,5,5"
MAS-R-146,"This page is supported by my banking information, my crypto wallet information, and my transaction information.",87,110,5,"2,5,5,5,5,5,5,5,5,5,5,5,5,5,5,5,5,5"
MAS-R-146,"This app is also supported by access to my first and last name, and access to my contacts and friends elsewhere.",81,89,5,"2,5,5,5,5,5,5,5,5,5,5,5,5,5,5,5,5,5"
MAS-R-146,"This app is also supported by access to my first and last name, and access to my contacts and friends elsewhere.",94,101,5,"2,5,5,5,5,5,5,5,5,5,5,5,5,5,5,5,5,5"
MAS-R-147,It allows me to view the sets and reps I have done for various exercises and gives me a good visual representation of my progress.,121,129,4,"2,2,3,3,3,3,3,3,4"
MAS-R-148,This page is to scroll down and see all of your daily progress an conversations that you have with the app.,54,62,5,"0,3,3,5,5,5,5,5,5,5,5"
MAS-R-148,This page is to scroll down and see all of your daily progress an conversations that you have with the app.,66,79,5,"0,3,3,5,5,5,5,5,5,5,5"
MAS-R-148,"It shows you what I have done each day including excersizes, moods, thoughts, diaries, and chatbot conversations.",61,66,5,"0,3,3,5,5,5,5,5,5,5,5"
MAS-R-148,"It shows you what I have done each day including excersizes, moods, thoughts, diaries, and chatbot conversations.",78,85,5,"0,3,3,5,5,5,5,5,5,5,5"
MAS-R-148,"It shows you what I have done each day including excersizes, moods, thoughts, diaries, and chatbot conversations.",91,112,5,"0,3,3,5,5,5,5,5,5,5,5"
MAS-R-148,"I come to this screen if I need to be reminded about conclusions on emotional things that I have sorted through before, and be reminded on how I had previously gotten over those issues in my personal life.",139,204,5,"0,3,3,5,5,5,5,5,5,5,5"
MAS-R-148,The app is used to get over personal problems and trauma and helps you to feel better in your daily life.,28,45,5,"0,3,3,5,5,5,5,5,5,5,5"
MAS-R-148,The app is used to get over personal problems and trauma and helps you to feel better in your daily life.,50,56,5,"0,3,3,5,5,5,5,5,5,5,5"
MAS-R-149,I interact with it by looking at my stats and using that information to parse out if I am ahead or behind where I want to be from an activity level standpoint.,36,41,4,"2,2,3,3,3,3,3,3,3,3,3,4,4"
MAS-R-149,"I can also click on steps and get an average breakdown of how my day is going versus the past few days, weeks, or even my monthly average.",58,77,4,"2,2,3,3,3,3,3,3,3,3,3,4,4"
MAS-R-152,When I used this screen I can look at what is in my wallet that I currently have with this app.,38,58,5,"0,0,1,1,1,1,2,2,2,3,4,5"
MAS-R-152,I can also see what type of finances that are connected with PayPal.,15,67,4,"0,0,1,1,1,1,2,2,2,3,4,5"
MAS-R-154,"In order to cash out, I simply either select an option that has been unlocked for me as a result of my purchases, or apply a cash discount in the form of a discount or a promo code.",170,180,5,"0,1,1,2,2,2,2,2,3,4,4,5,5"
MAS-R-154,"The app will then use my full name in order to show who it must be delivered to, as well as taking my address and my profile picture down the line in my order, right before I place it and I confirm it.",25,34,4,"0,1,1,2,2,2,2,2,3,4,4,5,5"
MAS-R-154,"The app will then use my full name in order to show who it must be delivered to, as well as taking my address and my profile picture down the line in my order, right before I place it and I confirm it.",52,66,4,"0,1,1,2,2,2,2,2,3,4,4,5,5"
MAS-R-154,"The app will then use my full name in order to show who it must be delivered to, as well as taking my address and my profile picture down the line in my order, right before I place it and I confirm it.",102,109,5,"0,1,1,2,2,2,2,2,3,4,4,5,5"
MAS-R-157,Most of the time its right on point and i usually play things that is on that page and rarely have to go into the playlists to find what i want.,114,123,4,"0,0,0,1,1,1,4"
MAS-R-158,"In the For You page, tweets that fall under my chosen suggested topics are shown to me as an alternative to showing me what the people I follow are posting.",119,155,4,"1,1,2,2,2,2,3,3,4"
MAS-R-164,"I then select whether I want to use my Uber Cash or use a voucher, or I can even do both.",58,65,5,"0,0,3,3,3,5,5,5,5,5,5"
MAS-R-164,"It also logs my credit card information, as it may be needed to complete a transaction, should I not have enough to cover it with the vouchers and with the Uber Cash.",16,39,5,"0,0,3,3,3,5,5,5,5,5,5"
MAS-R-164,"It also logs my credit card information, as it may be needed to complete a transaction, should I not have enough to cover it with the vouchers and with the Uber Cash.",134,142,5,"0,0,3,3,3,5,5,5,5,5,5"
MAS-R-164,"It also logs my credit card information, as it may be needed to complete a transaction, should I not have enough to cover it with the vouchers and with the Uber Cash.",156,165,5,"0,0,3,3,3,5,5,5,5,5,5"
MAS-R-164,The app then combines my credit card info from this screen with my other identifying information down the line in order to complete my order.,25,41,5,"0,0,3,3,3,5,5,5,5,5,5"
MAS-R-164,The app then combines my credit card info from this screen with my other identifying information down the line in order to complete my order.,73,96,5,"0,0,3,3,3,5,5,5,5,5,5"
MAS-R-167,This is the part of the PayPal app that allows me to see what I have been spending my money on.  ,57,94,5,"3,5,5,5,5,5,5,5,5,5,5,5,5,5,5"
MAS-R-167,"I use it to help me not spend so much money, it helps me know/remember where and what my money is being used for much easier than simply thinking about it alone, this allows my mind to have a better mental picture of my spending.  ",38,43,5,"3,5,5,5,5,5,5,5,5,5,5,5,5,5,5"
MAS-R-167,"I use it to help me not spend so much money, it helps me know/remember where and what my money is being used for much easier than simply thinking about it alone, this allows my mind to have a better mental picture of my spending.  ",81,112,5,"3,5,5,5,5,5,5,5,5,5,5,5,5,5,5"
MAS-R-167,"I use it to help me not spend so much money, it helps me know/remember where and what my money is being used for much easier than simply thinking about it alone, this allows my mind to have a better mental picture of my spending.  ",220,228,5,"3,5,5,5,5,5,5,5,5,5,5,5,5,5,5"
MAS-R-167,"It also informs me about all types of payments I may have either from another paypal account or even direct deposits because PayPal now gives you the option to receive direct deposits just like a ""normal"" bank using an account and routing number, but its through paypal!  ",38,46,5,"3,5,5,5,5,5,5,5,5,5,5,5,5,5,5"
MAS-R-167,"It also informs me about all types of payments I may have either from another paypal account or even direct deposits because PayPal now gives you the option to receive direct deposits just like a ""normal"" bank using an account and routing number, but its through paypal!  ",85,92,5,"3,5,5,5,5,5,5,5,5,5,5,5,5,5,5"
MAS-R-167,"It also informs me about all types of payments I may have either from another paypal account or even direct deposits because PayPal now gives you the option to receive direct deposits just like a ""normal"" bank using an account and routing number, but its through paypal!  ",108,116,5,"3,5,5,5,5,5,5,5,5,5,5,5,5,5,5"
MAS-R-167,"It also informs me about all types of payments I may have either from another paypal account or even direct deposits because PayPal now gives you the option to receive direct deposits just like a ""normal"" bank using an account and routing number, but its through paypal!  ",168,183,5,"3,5,5,5,5,5,5,5,5,5,5,5,5,5,5"
MAS-R-167,"It also informs me about all types of payments I may have either from another paypal account or even direct deposits because PayPal now gives you the option to receive direct deposits just like a ""normal"" bank using an account and routing number, but its through paypal!  ",205,209,5,"3,5,5,5,5,5,5,5,5,5,5,5,5,5,5"
MAS-R-167,"It also informs me about all types of payments I may have either from another paypal account or even direct deposits because PayPal now gives you the option to receive direct deposits just like a ""normal"" bank using an account and routing number, but its through paypal!  ",231,245,5,"3,5,5,5,5,5,5,5,5,5,5,5,5,5,5"
MAS-R-167,It's a good part of the part to always know where the money is coming from and where the money is going to.  ,44,74,5,"3,5,5,5,5,5,5,5,5,5,5,5,5,5,5"
MAS-R-167,It's a good part of the part to always know where the money is coming from and where the money is going to.  ,79,106,5,"3,5,5,5,5,5,5,5,5,5,5,5,5,5,5"
MAS-R-167,"There are also menus that allows you to put money into your account using cash you can deposit at a variety of stores such as gas stations, walmart, gamestop, etc.",74,78,5,"3,5,5,5,5,5,5,5,5,5,5,5,5,5,5"
MAS-R-167,"There are also menus that allows you to put money into your account using cash you can deposit at a variety of stores such as gas stations, walmart, gamestop, etc.",111,117,5,"3,5,5,5,5,5,5,5,5,5,5,5,5,5,5"
MAS-R-169,"If I want to add a permanent address that is my home, or work I can click on those options listed.",48,52,4,"2,3,4,4,4,4,5,5,5,5"
MAS-R-169,If I have any other address I want to save that I go to often I can click on the Shortcuts option.,20,27,4,"2,3,4,4,4,4,5,5,5,5"
MAS-R-169,Those are great for time saving so I don't have to type in or re-type in addresses that I use often.,73,82,4,"2,3,4,4,4,4,5,5,5,5"
MAS-R-169,I can also control what kind of data I want to share with Uber by clicking on the Privacy option and control the log in process for my security by clicking on the Security option.,135,143,5,"2,3,4,4,4,4,5,5,5,5"
MAS-R-169,This keeps anyone else from accessing my account that isn't me.,41,48,4,"2,3,4,4,4,4,5,5,5,5"
MAS-R-169,I can also come here if I want to change how many notifications I'm getting or how I'm alerted for things like arrivals of cars to pick me up or messages from my driver.,111,141,5,"2,3,4,4,4,4,5,5,5,5"
MAS-R-169,I can also come here if I want to change how many notifications I'm getting or how I'm alerted for things like arrivals of cars to pick me up or messages from my driver.,145,153,5,"2,3,4,4,4,4,5,5,5,5"
MAS-R-169,I can also come here if I want to change how many notifications I'm getting or how I'm alerted for things like arrivals of cars to pick me up or messages from my driver.,159,168,5,"2,3,4,4,4,4,5,5,5,5"
MAS-R-170,I use this account view screen when I need to know what my bank account number and routing number are in order to make wire transfers directly or for sending and receiving money.,59,78,5,"5,5,5,5,5,5,5,5"
MAS-R-170,I use this account view screen when I need to know what my bank account number and routing number are in order to make wire transfers directly or for sending and receiving money.,83,97,5,"5,5,5,5,5,5,5,5"
MAS-R-170,I also use this screen to check my current account balance before making purchases as well as after making purchases.,35,58,5,"5,5,5,5,5,5,5,5"
MAS-R-170,I check this page for recent transactions against my manual bookkeeping to make sure they match up.,29,41,5,"5,5,5,5,5,5,5,5"
MAS-R-170,I also use this screen to confirm that purchases have been successfully completed.,39,48,5,"5,5,5,5,5,5,5,5"
MAS-R-170,I use this page to make sure that there has not been any recent suspicious activity in the recent transaction history.,75,83,5,"5,5,5,5,5,5,5,5"
MAS-R-170,I use this page to make sure that there has not been any recent suspicious activity in the recent transaction history.,98,117,5,"5,5,5,5,5,5,5,5"
MAS-R-170,This page serves as an overview of this particular account and allows me to see where the account stands at a quick glance.,51,58,5,"5,5,5,5,5,5,5,5"
MAS-R-171,I always tell people who go to McDonald's to get the app because they will save money.,80,85,5,"1,1,1,1,1,2,2,2,2,3,5"
MAS-R-174,The WhatsApp contact screen page allows me to keep in touch with my contacts.,13,20,5,"0,2,4,4,5,5,5,5"
MAS-R-174,"To achieve this goal, I can search for contacts and add them to my contact list.",39,47,5,"0,2,4,4,5,5,5,5"
MAS-R-174,"To achieve this goal, I can search for contacts and add them to my contact list.",67,79,4,"0,2,4,4,5,5,5,5"
MAS-R-174,"I can also delete contacts, block contacts, or mute conversations.",52,65,5,"0,2,4,4,5,5,5,5"
MAS-R-174,"The app uses my contacts' names, phone numbers, and profile pictures to support this screen.",16,25,4,"0,2,4,4,5,5,5,5"
MAS-R-174,"The app uses my contacts' names, phone numbers, and profile pictures to support this screen.",26,31,5,"0,2,4,4,5,5,5,5"
MAS-R-182,"I can either post a picture to my feed, story, or my reels.",34,38,4,"3,3,3,3,3,3,3,4,4,4,4,5,5,5,5"
MAS-R-182,"I can either post a picture to my feed, story, or my reels.",40,45,4,"3,3,3,3,3,3,3,4,4,4,4,5,5,5,5"
MAS-R-182,"Instagram takes data from both my face, my location, and the photo itself.",34,38,5,"3,3,3,3,3,3,3,4,4,4,4,5,5,5,5"
MAS-R-182,"Instagram takes data from both my face, my location, and the photo itself.",43,51,5,"3,3,3,3,3,3,3,4,4,4,4,5,5,5,5"
MAS-R-182,They get more data the more interactions you get with your post.,28,40,5,"3,3,3,3,3,3,3,4,4,4,4,5,5,5,5"
MAS-R-182,You can tag people who are in the post afterwards.,12,18,4,"3,3,3,3,3,3,3,4,4,4,4,5,5,5,5"
MAS-R-182,I guess the app uses your face to collect data for their facial recognition.,42,46,4,"3,3,3,3,3,3,3,4,4,4,4,5,5,5,5"
MAS-R-182,I assume that they sell this data to others to support companies that are trying to improve their facial recognition software.,98,116,5,"3,3,3,3,3,3,3,4,4,4,4,5,5,5,5"
MAS-R-183,These recap screens are important for me to assess how my run went and to compare them to other similar efforts.,6,11,4,"0,0,0,0,1,1,2,2,3,4"
MAS-R-188,"If it is an event, I can click on the Interested button to add the event to my calendar.",79,87,4,"2,2,2,2,2,2,4,4,4"
MAS-R-188,The app uses my current location to populate the map with local icons.,24,32,4,"2,2,2,2,2,2,4,4,4"
MAS-R-188,The app uses my current location to populate the map with local icons.,49,52,4,"2,2,2,2,2,2,4,4,4"
MAS-R-189,"This is a manual app and not tied to my bank account, credit cards, phone number or email address.",40,52,5,"1,2,2,2,2,2,2,2,2,2,2,2,2,5,5,5"
MAS-R-189,"This is a manual app and not tied to my bank account, credit cards, phone number or email address.",54,66,5,"1,2,2,2,2,2,2,2,2,2,2,2,2,5,5,5"
MAS-R-189,"This is a manual app and not tied to my bank account, credit cards, phone number or email address.",68,80,5,"1,2,2,2,2,2,2,2,2,2,2,2,2,5,5,5"
MAS-R-190,"This screen is where you track the transactions you have made on Cashapp, the whole history.",35,47,4,"1,2,2,2,2,2,2,2,3,4,4,4,4"
MAS-R-190,"You can check the source of the payment as well, like the bank.",18,24,4,"1,2,2,2,2,2,2,2,3,4,4,4,4"
MAS-R-190,"You can check the source of the payment as well, like the bank.",58,62,4,"1,2,2,2,2,2,2,2,3,4,4,4,4"
MAS-R-190,"If the money is sitting in cashapp, you can also make it deposit it to your bank from here.",7,12,4,"1,2,2,2,2,2,2,2,3,4,4,4,4"
MAS-R-191,"I input their starting stats, which is measured at each doctor checkup.",56,62,4,"0,0,0,0,0,0,0,0,0,1,4,4"
MAS-R-191,"I can select to view all stats in one chart or weight, height, or head individually to see where my child is on the scale.",100,105,4,"0,0,0,0,0,0,0,0,0,1,4,4"
MAS-R-192,"I have several different apps I am trying to use less (distractions, social media detox, etc) - and onesec collects information about how often I try to open these apps and compares it to past history.",134,168,5,"3,5,5,5,5,5,5,5"
MAS-R-192,"I have several different apps I am trying to use less (distractions, social media detox, etc) - and onesec collects information about how often I try to open these apps and compares it to past history.",188,200,5,"3,5,5,5,5,5,5,5"
MAS-R-192,This requires deep access to my web browsing as well as Apple Shortcut access to app launching to prevent apps from opening to 'add friction' to the process (adding a waiting page before apps launch to make you reconsider) -,32,44,5,"3,5,5,5,5,5,5,5"
MAS-R-192,This requires deep access to my web browsing as well as Apple Shortcut access to app launching to prevent apps from opening to 'add friction' to the process (adding a waiting page before apps launch to make you reconsider) -,81,94,5,"3,5,5,5,5,5,5,5"
MAS-R-192,This requires deep access to my web browsing as well as Apple Shortcut access to app launching to prevent apps from opening to 'add friction' to the process (adding a waiting page before apps launch to make you reconsider) -,106,110,5,"3,5,5,5,5,5,5,5"
MAS-R-192,"That being said, I would not want a third parties to have such deep access into my web browsing history. 

",83,103,5,"3,5,5,5,5,5,5,5"
MAS-R-192,"So far as goals go, obviously my goals here are just to reduce app usage and this screen helps me do that by giving me longitudinal data on if I am being successful in doing so.",63,72,5,"3,5,5,5,5,5,5,5"
MAS-R-193,The app has my credit card saved to make the orders.,15,26,5,"0,0,0,0,0,0,0,0,0,0,0,0,0,0,0,5"
MAS-R-197,"First, I cross-reference the app to an Excel spreadsheet where I track my finances.",74,82,4,"1,1,2,2,2,3,3,3,3,3,4,4,4,4"
MAS-R-197,"Second, I am closely tracking another figure on the app which is my overall bank account balance.",76,96,4,"1,1,2,2,2,3,3,3,3,3,4,4,4,4"
MAS-R-197,"Third, outside of my payroll, I work on Amazon MTurk and a couple of other platforms, so I use the app to confirm deposits from these outside sources which I then also cross-reference to my Excel spreadsheet.",21,28,4,"1,1,2,2,2,3,3,3,3,3,4,4,4,4"
MAS-R-197,"My salary, while good, does not currently cover my monthly expenses.",3,9,4,"1,1,2,2,2,3,3,3,3,3,4,4,4,4"
MAS-R-199,The Uber Services screen includes all of the services that goes beyond the basic uber app functionality.,9,17,5,"5,5,5,5,5,5,5,5,5,5,5,5,5,5,5"
MAS-R-199,The Uber Services screen includes all of the services that goes beyond the basic uber app functionality.,45,53,5,"5,5,5,5,5,5,5,5,5,5,5,5,5,5,5"
MAS-R-199,"For example, if you want to create a charter trip with multiple people or have someone pick up a package, there is an option for that.",37,49,5,"5,5,5,5,5,5,5,5,5,5,5,5,5,5,5"
MAS-R-199,"For example, if you want to create a charter trip with multiple people or have someone pick up a package, there is an option for that.",64,70,5,"5,5,5,5,5,5,5,5,5,5,5,5,5,5,5"
MAS-R-199,Let's say you choose the charter icon-,25,32,5,"5,5,5,5,5,5,5,5,5,5,5,5,5,5,5"
MAS-R-199,it goes to a scheduling window similar to the main uber screen.,13,23,5,"5,5,5,5,5,5,5,5,5,5,5,5,5,5,5"
MAS-R-199,"You have to pick a date, time, location and stops.",19,23,5,"5,5,5,5,5,5,5,5,5,5,5,5,5,5,5"
MAS-R-199,"You have to pick a date, time, location and stops.",25,29,5,"5,5,5,5,5,5,5,5,5,5,5,5,5,5,5"
MAS-R-199,"You have to pick a date, time, location and stops.",44,49,5,"5,5,5,5,5,5,5,5,5,5,5,5,5,5,5"
MAS-R-199,"Once you have entered those values, it gives you a price.",28,34,5,"5,5,5,5,5,5,5,5,5,5,5,5,5,5,5"
MAS-R-199,"Once you have entered those values, it gives you a price.",51,56,5,"5,5,5,5,5,5,5,5,5,5,5,5,5,5,5"
MAS-R-199,Charter services can get expensive so you must be aware.,0,16,5,"5,5,5,5,5,5,5,5,5,5,5,5,5,5,5"
MAS-R-199,"The information that is used by this service is your location, name and address, just like the main uber app.",53,61,5,"5,5,5,5,5,5,5,5,5,5,5,5,5,5,5"
MAS-R-199,"The information that is used by this service is your location, name and address, just like the main uber app.",63,67,5,"5,5,5,5,5,5,5,5,5,5,5,5,5,5,5"
MAS-R-199,"The information that is used by this service is your location, name and address, just like the main uber app.",72,79,5,"5,5,5,5,5,5,5,5,5,5,5,5,5,5,5"
MAS-R-200,"This is one of my credit cards, mostly inactive now as the current balance suggests.",18,30,4,"3,3,3,4,4,4,4,4,4,4,4,4,5"
MAS-R-200,"Once the promotional period was over, I withdrew the money, leaving only a penny behind, I think by accident.",53,58,4,"3,3,3,4,4,4,4,4,4,4,4,4,5"
MAS-R-200,"When I have used this account more frequently, I would visit the app in order to accomplish several goals.",22,29,5,"3,3,3,4,4,4,4,4,4,4,4,4,5"
MAS-R-200,"First, I would visit this screen to confirm how much I had charged to the card in a payment cycle.",44,97,4,"3,3,3,4,4,4,4,4,4,4,4,4,5"
MAS-R-200,"Occasionally I would process a credit card payment from the app, but more often I would pay the balance using my laptop.",96,103,4,"3,3,3,4,4,4,4,4,4,4,4,4,5"
MAS-R-200,While my savings account was active I visited the app maybe once monthly to check on the earned interest.,9,24,4,"3,3,3,4,4,4,4,4,4,4,4,4,5"
MAS-R-200,"I also use this screen periodically, also perhaps once monthly, to check my FICO credit score.",76,80,4,"3,3,3,4,4,4,4,4,4,4,4,4,5"
MAS-R-200,"I also use this screen periodically, also perhaps once monthly, to check my FICO credit score.",81,93,4,"3,3,3,4,4,4,4,4,4,4,4,4,5"
MAS-R-200,"I don't even remember putting my home details into the app, and don't think that the estimated home value is very accurate.",33,45,4,"3,3,3,4,4,4,4,4,4,4,4,4,5"
MAS-R-200,"I don't even remember putting my home details into the app, and don't think that the estimated home value is very accurate.",95,105,4,"3,3,3,4,4,4,4,4,4,4,4,4,5"
MAS-R-202,"Whenever shopping is in process, I can make real time changes to the order if the shopper has any trouble with a certain item, like picking a replacement for it, refunding the item in full, or simply by asking the shopper some questions.",214,221,5,"0,0,1,1,4,4,5,5,5,5,5,5"
MAS-R-202,"Things like my credit card information are used by the app itself in order to make real time charges to my account, and my shopper never has access to that, which keeps me fully safe from any type of fraud.",15,38,5,"0,0,1,1,4,4,5,5,5,5,5,5"
MAS-R-202,"Things like my credit card information are used by the app itself in order to make real time charges to my account, and my shopper never has access to that, which keeps me fully safe from any type of fraud.",107,114,5,"0,0,1,1,4,4,5,5,5,5,5,5"
MAS-R-202,"My address, name, and real photo are used to tell the shopper both where to deliver and who to deliver to.",3,10,5,"0,0,1,1,4,4,5,5,5,5,5,5"
MAS-R-202,"My address, name, and real photo are used to tell the shopper both where to deliver and who to deliver to.",12,16,4,"0,0,1,1,4,4,5,5,5,5,5,5"
MAS-R-202,"My address, name, and real photo are used to tell the shopper both where to deliver and who to deliver to.",27,32,4,"0,0,1,1,4,4,5,5,5,5,5,5"
MAS-R-202,"My address, name, and real photo are used to tell the shopper both where to deliver and who to deliver to.",67,83,5,"0,0,1,1,4,4,5,5,5,5,5,5"
MAS-R-202,"My address, name, and real photo are used to tell the shopper both where to deliver and who to deliver to.",88,105,5,"0,0,1,1,4,4,5,5,5,5,5,5"
